lad22cd,lad22nm,ward22cd,ward22nm,category,count_21,count_11,change
E09000030,Tower Hamlets,E05009317,Bethnal Green,Female,10806,9855,951
E09000030,Tower Hamlets,E05009317,Bethnal Green,Male,10423,9848,575
E09000030,Tower Hamlets,E05009318,Blackwall & Cubitt Town,Female,10605,6622,3983
E09000030,Tower Hamlets,E05009318,Blackwall & Cubitt Town,Male,11229,7334,3895
E09000030,Tower Hamlets,E05009319,Bow East,Female,10004,7479,2525
E09000030,Tower Hamlets,E05009319,Bow East,Male,9526,7302,2224
E09000030,Tower Hamlets,E05009320,Bow West,Female,6914,6543,371
E09000030,Tower Hamlets,E05009320,Bow West,Male,6794,6396,398
E09000030,Tower Hamlets,E05009321,Bromley North,Female,5624,4513,1111
E09000030,Tower Hamlets,E05009321,Bromley North,Male,5805,4816,989
E09000030,Tower Hamlets,E05009322,Bromley South,Female,7300,4383,2917
E09000030,Tower Hamlets,E05009322,Bromley South,Male,6932,4365,2567
E09000030,Tower Hamlets,E05009323,Canary Wharf,Female,8925,5950,2975
E09000030,Tower Hamlets,E05009323,Canary Wharf,Male,8995,6880,2115
E09000030,Tower Hamlets,E05009324,Island Gardens,Female,7544,6462,1082
E09000030,Tower Hamlets,E05009324,Island Gardens,Male,7358,6947,411
E09000030,Tower Hamlets,E05009325,Lansbury,Female,10839,7496,3343
E09000030,Tower Hamlets,E05009325,Lansbury,Male,10895,7497,3398
E09000030,Tower Hamlets,E05009326,Limehouse,Female,3067,2817,250
E09000030,Tower Hamlets,E05009326,Limehouse,Male,3684,3425,259
E09000030,Tower Hamlets,E05009327,Mile End,Female,10726,7929,2797
E09000030,Tower Hamlets,E05009327,Mile End,Male,11069,8303,2766
E09000030,Tower Hamlets,E05009328,Poplar,Female,3930,3572,358
E09000030,Tower Hamlets,E05009328,Poplar,Male,4026,3638,388
E09000030,Tower Hamlets,E05009329,St Dunstan's,Female,7338,5860,1478
E09000030,Tower Hamlets,E05009329,St Dunstan's,Male,7026,5867,1159
E09000030,Tower Hamlets,E05009330,St Katharine's & Wapping,Female,5748,4795,953
E09000030,Tower Hamlets,E05009330,St Katharine's & Wapping,Male,6319,5846,473
E09000030,Tower Hamlets,E05009331,St Peter's,Female,10117,8914,1203
E09000030,Tower Hamlets,E05009331,St Peter's,Male,9853,9194,659
E09000030,Tower Hamlets,E05009332,Shadwell,Female,6431,6037,394
E09000030,Tower Hamlets,E05009332,Shadwell,Male,6548,6293,255
E09000030,Tower Hamlets,E05009333,Spitalfields & Banglatown,Female,6390,5832,558
E09000030,Tower Hamlets,E05009333,Spitalfields & Banglatown,Male,6829,6808,21
E09000030,Tower Hamlets,E05009334,Stepney Green,Female,6184,5747,437
E09000030,Tower Hamlets,E05009334,Stepney Green,Male,6267,5951,316
E09000030,Tower Hamlets,E05009335,Weavers,Female,6657,6106,551
E09000030,Tower Hamlets,E05009335,Weavers,Male,6611,6568,43
E09000030,Tower Hamlets,E05009336,Whitechapel,Female,9278,6277,3001
E09000030,Tower Hamlets,E05009336,Whitechapel,Male,9703,7627,2076
E09000012,Hackney,E05009367,Brownswood,Female,4705,4053,652
E09000012,Hackney,E05009367,Brownswood,Male,4283,4115,168
E09000012,Hackney,E05009368,Cazenove,Female,7880,7296,584
E09000012,Hackney,E05009368,Cazenove,Male,7331,7048,283
E09000012,Hackney,E05009369,Clissold,Female,6676,6749,-73
E09000012,Hackney,E05009369,Clissold,Male,5821,6365,-544
E09000012,Hackney,E05009370,Dalston,Female,4545,3722,823
E09000012,Hackney,E05009370,Dalston,Male,4467,3951,516
E09000012,Hackney,E05009371,De Beauvoir,Female,4663,4181,482
E09000012,Hackney,E05009371,De Beauvoir,Male,4362,4249,113
E09000012,Hackney,E05009372,Hackney Central,Female,6797,6369,428
E09000012,Hackney,E05009372,Hackney Central,Male,6095,6056,39
E09000012,Hackney,E05009373,Hackney Downs,Female,6851,6481,370
E09000012,Hackney,E05009373,Hackney Downs,Male,6146,6440,-294
E09000012,Hackney,E05009374,Hackney Wick,Female,6383,6025,358
E09000012,Hackney,E05009374,Hackney Wick,Male,5974,5767,207
E09000012,Hackney,E05009375,Haggerston,Female,7487,6397,1090
E09000012,Hackney,E05009375,Haggerston,Male,6949,6462,487
E09000012,Hackney,E05009376,Homerton,Female,7064,5910,1154
E09000012,Hackney,E05009376,Homerton,Male,6137,5848,289
E09000012,Hackney,E05009377,Hoxton East & Shoreditch,Female,6187,5785,402
E09000012,Hackney,E05009377,Hoxton East & Shoreditch,Male,5902,6127,-225
E09000012,Hackney,E05009378,Hoxton West,Female,7125,5972,1153
E09000012,Hackney,E05009378,Hoxton West,Male,6678,6422,256
E09000012,Hackney,E05009379,King's Park,Female,7031,6620,411
E09000012,Hackney,E05009379,King's Park,Male,6252,6084,168
E09000012,Hackney,E05009380,Lea Bridge,Female,7599,7103,496
E09000012,Hackney,E05009380,Lea Bridge,Male,6854,6891,-37
E09000012,Hackney,E05009381,London Fields,Female,6367,6144,223
E09000012,Hackney,E05009381,London Fields,Male,5942,5922,20
E09000012,Hackney,E05009382,Shacklewell,Female,4567,4399,168
E09000012,Hackney,E05009382,Shacklewell,Male,4203,4318,-115
E09000012,Hackney,E05009383,Springfield,Female,8032,7943,89
E09000012,Hackney,E05009383,Springfield,Male,7311,7912,-601
E09000012,Hackney,E05009384,Stamford Hill West,Female,5293,5220,73
E09000012,Hackney,E05009384,Stamford Hill West,Male,5021,5052,-31
E09000012,Hackney,E05009385,Stoke Newington,Female,7165,6980,185
E09000012,Hackney,E05009385,Stoke Newington,Male,6408,6629,-221
E09000012,Hackney,E05009386,Victoria,Female,6492,6388,104
E09000012,Hackney,E05009386,Victoria,Male,5740,5940,-200
E09000012,Hackney,E05009387,Woodberry Down,Female,6385,4504,1881
E09000012,Hackney,E05009387,Woodberry Down,Male,5942,4432,1510
E09000020,Kensington and Chelsea,E05009388,Abingdon,Female,4346,4778,-432
E09000020,Kensington and Chelsea,E05009388,Abingdon,Male,3819,4865,-1046
E09000020,Kensington and Chelsea,E05009389,Brompton & Hans Town,Female,4347,5247,-900
E09000020,Kensington and Chelsea,E05009389,Brompton & Hans Town,Male,3778,5286,-1508
E09000020,Kensington and Chelsea,E05009390,Campden,Female,4422,4881,-459
E09000020,Kensington and Chelsea,E05009390,Campden,Male,4037,4612,-575
E09000020,Kensington and Chelsea,E05009391,Chelsea Riverside,Female,4078,4503,-425
E09000020,Kensington and Chelsea,E05009391,Chelsea Riverside,Male,3395,4117,-722
E09000020,Kensington and Chelsea,E05009392,Colville,Female,4543,4871,-328
E09000020,Kensington and Chelsea,E05009392,Colville,Male,4025,4575,-550
E09000020,Kensington and Chelsea,E05009393,Courtfield,Female,4243,4792,-549
E09000020,Kensington and Chelsea,E05009393,Courtfield,Male,3992,5145,-1153
E09000020,Kensington and Chelsea,E05009394,Dalgarno,Female,3720,3564,156
E09000020,Kensington and Chelsea,E05009394,Dalgarno,Male,3285,3227,58
E09000020,Kensington and Chelsea,E05009395,Earl's Court,Female,4594,4731,-137
E09000020,Kensington and Chelsea,E05009395,Earl's Court,Male,4349,5202,-853
E09000020,Kensington and Chelsea,E05009396,Golborne,Female,4614,4428,186
E09000020,Kensington and Chelsea,E05009396,Golborne,Male,4268,4263,5
E09000020,Kensington and Chelsea,E05009397,Holland,Female,5076,4613,463
E09000020,Kensington and Chelsea,E05009397,Holland,Male,4183,4386,-203
E09000020,Kensington and Chelsea,E05009398,Norland,Female,2927,3212,-285
E09000020,Kensington and Chelsea,E05009398,Norland,Male,2534,2898,-364
E09000020,Kensington and Chelsea,E05009399,Notting Dale,Female,4835,4688,147
E09000020,Kensington and Chelsea,E05009399,Notting Dale,Male,4571,4118,453
E09000020,Kensington and Chelsea,E05009400,Pembridge,Female,2958,3135,-177
E09000020,Kensington and Chelsea,E05009400,Pembridge,Male,2397,3111,-714
E09000020,Kensington and Chelsea,E05009401,Queen's Gate,Female,4034,4713,-679
E09000020,Kensington and Chelsea,E05009401,Queen's Gate,Male,3600,4957,-1357
E09000020,Kensington and Chelsea,E05009402,Redcliffe,Female,4722,4818,-96
E09000020,Kensington and Chelsea,E05009402,Redcliffe,Male,4457,4870,-413
E09000020,Kensington and Chelsea,E05009403,Royal Hospital,Female,4691,4750,-59
E09000020,Kensington and Chelsea,E05009403,Royal Hospital,Male,3711,4798,-1087
E09000020,Kensington and Chelsea,E05009404,St Helen's,Female,3370,3360,10
E09000020,Kensington and Chelsea,E05009404,St Helen's,Male,2914,3077,-163
E09000020,Kensington and Chelsea,E05009405,Stanley,Female,4802,5371,-569
E09000020,Kensington and Chelsea,E05009405,Stanley,Male,3740,4686,-946
E09000028,Southwark,E05011095,Borough & Bankside,Female,4677,3963,714
E09000028,Southwark,E05011095,Borough & Bankside,Male,4654,4346,308
E09000028,Southwark,E05011096,Camberwell Green,Female,7868,6940,928
E09000028,Southwark,E05011096,Camberwell Green,Male,7372,6787,585
E09000028,Southwark,E05011097,Champion Hill,Female,4967,5165,-198
E09000028,Southwark,E05011097,Champion Hill,Male,4482,4605,-123
E09000028,Southwark,E05011098,Chaucer,Female,7728,7259,469
E09000028,Southwark,E05011098,Chaucer,Male,7287,7322,-35
E09000028,Southwark,E05011099,Dulwich Hill,Female,5126,4850,276
E09000028,Southwark,E05011099,Dulwich Hill,Male,4580,4443,137
E09000028,Southwark,E05011100,Dulwich Village,Female,5194,5560,-366
E09000028,Southwark,E05011100,Dulwich Village,Male,4894,5176,-282
E09000028,Southwark,E05011101,Dulwich Wood,Female,5324,5019,305
E09000028,Southwark,E05011101,Dulwich Wood,Male,4961,4691,270
E09000028,Southwark,E05011102,Faraday,Female,6636,6861,-225
E09000028,Southwark,E05011102,Faraday,Male,5842,6785,-943
E09000028,Southwark,E05011103,Goose Green,Female,7174,7095,79
E09000028,Southwark,E05011103,Goose Green,Male,6551,6519,32
E09000028,Southwark,E05011104,London Bridge & West Bermondsey,Female,7539,6225,1314
E09000028,Southwark,E05011104,London Bridge & West Bermondsey,Male,7347,6621,726
E09000028,Southwark,E05011105,Newington,Female,7102,6722,380
E09000028,Southwark,E05011105,Newington,Male,6731,6622,109
E09000028,Southwark,E05011106,North Bermondsey,Female,7783,7066,717
E09000028,Southwark,E05011106,North Bermondsey,Male,7720,7600,120
E09000028,Southwark,E05011107,North Walworth,Female,7961,5583,2378
E09000028,Southwark,E05011107,North Walworth,Male,7685,5673,2012
E09000028,Southwark,E05011108,Nunhead & Queen's Road,Female,8387,7390,997
E09000028,Southwark,E05011108,Nunhead & Queen's Road,Male,7210,7259,-49
E09000028,Southwark,E05011109,Old Kent Road,Female,9640,8522,1118
E09000028,Southwark,E05011109,Old Kent Road,Male,8957,8120,837
E09000028,Southwark,E05011110,Peckham,Female,7760,7412,348
E09000028,Southwark,E05011110,Peckham,Male,6994,7052,-58
E09000028,Southwark,E05011111,Peckham Rye,Female,5348,5148,200
E09000028,Southwark,E05011111,Peckham Rye,Male,4832,4784,48
E09000028,Southwark,E05011112,Rotherhithe,Female,7802,6952,850
E09000028,Southwark,E05011112,Rotherhithe,Male,7593,6682,911
E09000028,Southwark,E05011113,Rye Lane,Female,7547,7391,156
E09000028,Southwark,E05011113,Rye Lane,Male,6723,7028,-305
E09000028,Southwark,E05011114,St George's,Female,4081,3203,878
E09000028,Southwark,E05011114,St George's,Male,4066,3429,637
E09000028,Southwark,E05011115,St Giles,Female,8484,7987,497
E09000028,Southwark,E05011115,St Giles,Male,7946,7649,297
E09000028,Southwark,E05011116,South Bermondsey,Female,8112,7807,305
E09000028,Southwark,E05011116,South Bermondsey,Male,7818,7527,291
E09000028,Southwark,E05011117,Surrey Docks,Female,6392,5543,849
E09000028,Southwark,E05011117,Surrey Docks,Male,6748,5900,848
E09000004,Bexley,E05011217,Barnehurst,Female,6099,5800,299
E09000004,Bexley,E05011217,Barnehurst,Male,5618,5319,299
E09000004,Bexley,E05011218,Belvedere,Female,9016,8244,772
E09000004,Bexley,E05011218,Belvedere,Male,8545,7568,977
E09000004,Bexley,E05011219,Bexleyheath,Female,8325,7524,801
E09000004,Bexley,E05011219,Bexleyheath,Male,7583,7001,582
E09000004,Bexley,E05011220,Blackfen & Lamorbey,Female,8315,8261,54
E09000004,Bexley,E05011220,Blackfen & Lamorbey,Male,7811,7751,60
E09000004,Bexley,E05011221,Blendon & Penhill,Female,8056,7930,126
E09000004,Bexley,E05011221,Blendon & Penhill,Male,7517,7527,-10
E09000004,Bexley,E05011222,Crayford,Female,8201,7174,1027
E09000004,Bexley,E05011222,Crayford,Male,7744,6846,898
E09000004,Bexley,E05011223,Crook Log,Female,8264,7865,399
E09000004,Bexley,E05011223,Crook Log,Male,7624,7446,178
E09000004,Bexley,E05011224,East Wickham,Female,8361,8032,329
E09000004,Bexley,E05011224,East Wickham,Male,7833,7456,377
E09000004,Bexley,E05011225,Erith,Female,6775,5634,1141
E09000004,Bexley,E05011225,Erith,Male,6052,5345,707
E09000004,Bexley,E05011226,Falconwood & Welling,Female,8514,8115,399
E09000004,Bexley,E05011226,Falconwood & Welling,Male,8079,7537,542
E09000004,Bexley,E05011227,Longlands,Female,5194,5147,47
E09000004,Bexley,E05011227,Longlands,Male,4838,4602,236
E09000004,Bexley,E05011228,Northumberland Heath,Female,5713,5525,188
E09000004,Bexley,E05011228,Northumberland Heath,Male,5341,5097,244
E09000004,Bexley,E05011229,St Mary's & St James,Female,5618,5207,411
E09000004,Bexley,E05011229,St Mary's & St James,Male,5233,4916,317
E09000004,Bexley,E05011230,Sidcup,Female,8400,7791,609
E09000004,Bexley,E05011230,Sidcup,Male,7325,6737,588
E09000004,Bexley,E05011231,Slade Green & Northend,Female,6808,5930,878
E09000004,Bexley,E05011231,Slade Green & Northend,Male,6071,5440,631
E09000004,Bexley,E05011232,Thamesmead East,Female,8227,8178,49
E09000004,Bexley,E05011232,Thamesmead East,Male,7690,7553,137
E09000004,Bexley,E05011233,West Heath,Female,8059,7962,97
E09000004,Bexley,E05011233,West Heath,Male,7618,7535,83
E09000026,Redbridge,E05011234,Aldborough,Female,7881,6964,917
E09000026,Redbridge,E05011234,Aldborough,Male,7699,6565,1134
E09000026,Redbridge,E05011235,Barkingside,Female,7606,6802,804
E09000026,Redbridge,E05011235,Barkingside,Male,7597,6822,775
E09000026,Redbridge,E05011236,Bridge,Female,6903,6546,357
E09000026,Redbridge,E05011236,Bridge,Male,6495,6274,221
E09000026,Redbridge,E05011237,Chadwell,Female,8456,7659,797
E09000026,Redbridge,E05011237,Chadwell,Male,8177,7115,1062
E09000026,Redbridge,E05011238,Churchfields,Female,8012,7368,644
E09000026,Redbridge,E05011238,Churchfields,Male,7664,7165,499
E09000026,Redbridge,E05011239,Clayhall,Female,6874,6394,480
E09000026,Redbridge,E05011239,Clayhall,Male,6919,6273,646
E09000026,Redbridge,E05011240,Clementswood,Female,6717,6409,308
E09000026,Redbridge,E05011240,Clementswood,Male,7056,6752,304
E09000026,Redbridge,E05011241,Cranbrook,Female,6663,6006,657
E09000026,Redbridge,E05011241,Cranbrook,Male,6566,6371,195
E09000026,Redbridge,E05011242,Fairlop,Female,7611,6534,1077
E09000026,Redbridge,E05011242,Fairlop,Male,7145,6152,993
E09000026,Redbridge,E05011243,Fullwell,Female,8212,7395,817
E09000026,Redbridge,E05011243,Fullwell,Male,7753,6965,788
E09000026,Redbridge,E05011244,Goodmayes,Female,7496,6638,858
E09000026,Redbridge,E05011244,Goodmayes,Male,7663,6831,832
E09000026,Redbridge,E05011245,Hainault,Female,8170,6841,1329
E09000026,Redbridge,E05011245,Hainault,Male,7541,6112,1429
E09000026,Redbridge,E05011246,Ilford Town,Female,6135,4347,1788
E09000026,Redbridge,E05011246,Ilford Town,Male,5983,4501,1482
E09000026,Redbridge,E05011247,Loxford,Female,7524,6930,594
E09000026,Redbridge,E05011247,Loxford,Male,7526,6957,569
E09000026,Redbridge,E05011248,Mayfield,Female,7954,6683,1271
E09000026,Redbridge,E05011248,Mayfield,Male,8038,6699,1339
E09000026,Redbridge,E05011249,Monkhams,Female,4868,4590,278
E09000026,Redbridge,E05011249,Monkhams,Male,4678,4376,302
E09000026,Redbridge,E05011250,Newbury,Female,7121,6518,603
E09000026,Redbridge,E05011250,Newbury,Male,7213,6467,746
E09000026,Redbridge,E05011251,Seven Kings,Female,7490,6759,731
E09000026,Redbridge,E05011251,Seven Kings,Male,7667,7153,514
E09000026,Redbridge,E05011252,South Woodford,Female,6444,5969,475
E09000026,Redbridge,E05011252,South Woodford,Male,6055,5687,368
E09000026,Redbridge,E05011253,Valentines,Female,7766,6780,986
E09000026,Redbridge,E05011253,Valentines,Male,7782,7108,674
E09000026,Redbridge,E05011254,Wanstead Park,Female,4156,4141,15
E09000026,Redbridge,E05011254,Wanstead Park,Male,3993,3854,139
E09000026,Redbridge,E05011255,Wanstead Village,Female,6881,6623,258
E09000026,Redbridge,E05011255,Wanstead Village,Male,6142,5870,272
E09000008,Croydon,E05011462,Addiscombe East,Female,5981,5716,265
E09000008,Croydon,E05011462,Addiscombe East,Male,5812,5850,-38
E09000008,Croydon,E05011463,Addiscombe West,Female,8049,7025,1024
E09000008,Croydon,E05011463,Addiscombe West,Male,7612,6947,665
E09000008,Croydon,E05011464,Bensham Manor,Female,8724,8298,426
E09000008,Croydon,E05011464,Bensham Manor,Male,8208,7903,305
E09000008,Croydon,E05011465,Broad Green,Female,10296,9269,1027
E09000008,Croydon,E05011465,Broad Green,Male,9783,9002,781
E09000008,Croydon,E05011466,Coulsdon Town,Female,7798,6268,1530
E09000008,Croydon,E05011466,Coulsdon Town,Male,7470,6020,1450
E09000008,Croydon,E05011467,Crystal Palace & Upper Norwood,Female,8522,7973,549
E09000008,Croydon,E05011467,Crystal Palace & Upper Norwood,Male,7764,7677,87
E09000008,Croydon,E05011468,Fairfield,Female,7842,4184,3658
E09000008,Croydon,E05011468,Fairfield,Male,7912,4402,3510
E09000008,Croydon,E05011469,Kenley,Female,5339,5340,-1
E09000008,Croydon,E05011469,Kenley,Male,5068,5006,62
E09000008,Croydon,E05011470,New Addington North,Female,6078,5983,95
E09000008,Croydon,E05011470,New Addington North,Male,5065,4938,127
E09000008,Croydon,E05011471,New Addington South,Female,5863,6078,-215
E09000008,Croydon,E05011471,New Addington South,Male,5327,5354,-27
E09000008,Croydon,E05011472,Norbury & Pollards Hill,Female,6555,6196,359
E09000008,Croydon,E05011472,Norbury & Pollards Hill,Male,5912,5841,71
E09000008,Croydon,E05011473,Norbury Park,Female,5457,5211,246
E09000008,Croydon,E05011473,Norbury Park,Male,5101,5001,100
E09000008,Croydon,E05011474,Old Coulsdon,Female,5107,5075,32
E09000008,Croydon,E05011474,Old Coulsdon,Male,4653,4632,21
E09000008,Croydon,E05011475,Park Hill & Whitgift,Female,2912,2755,157
E09000008,Croydon,E05011475,Park Hill & Whitgift,Male,2851,2782,69
E09000008,Croydon,E05011476,Purley & Woodcote,Female,8568,8062,506
E09000008,Croydon,E05011476,Purley & Woodcote,Male,7983,7650,333
E09000008,Croydon,E05011477,Purley Oaks & Riddlesdown,Female,5411,5270,141
E09000008,Croydon,E05011477,Purley Oaks & Riddlesdown,Male,5105,5086,19
E09000008,Croydon,E05011478,Sanderstead,Female,8031,7769,262
E09000008,Croydon,E05011478,Sanderstead,Male,7472,7392,80
E09000008,Croydon,E05011479,Selhurst,Female,6790,5806,984
E09000008,Croydon,E05011479,Selhurst,Male,6138,5683,455
E09000008,Croydon,E05011480,Selsdon & Addington Village,Female,5378,5218,160
E09000008,Croydon,E05011480,Selsdon & Addington Village,Male,4939,4867,72
E09000008,Croydon,E05011481,Selsdon Vale & Forestdale,Female,5094,4989,105
E09000008,Croydon,E05011481,Selsdon Vale & Forestdale,Male,4608,4563,45
E09000008,Croydon,E05011482,Shirley North,Female,8147,7885,262
E09000008,Croydon,E05011482,Shirley North,Male,7184,7083,101
E09000008,Croydon,E05011483,Shirley South,Female,5729,5723,6
E09000008,Croydon,E05011483,Shirley South,Male,5056,5111,-55
E09000008,Croydon,E05011484,South Croydon,Female,8808,8088,720
E09000008,Croydon,E05011484,South Croydon,Male,8382,8105,277
E09000008,Croydon,E05011485,South Norwood,Female,8715,7868,847
E09000008,Croydon,E05011485,South Norwood,Male,7804,7291,513
E09000008,Croydon,E05011486,Thornton Heath,Female,9505,8917,588
E09000008,Croydon,E05011486,Thornton Heath,Male,8484,7984,500
E09000008,Croydon,E05011487,Waddon,Female,9578,8315,1263
E09000008,Croydon,E05011487,Waddon,Male,8914,7706,1208
E09000008,Croydon,E05011488,West Thornton,Female,9745,9036,709
E09000008,Croydon,E05011488,West Thornton,Male,9023,8453,570
E09000008,Croydon,E05011489,Woodside,Female,9062,8839,223
E09000008,Croydon,E05011489,Woodside,Male,8002,7895,107
E09000005,Brent,E05013496,Alperton,Female,7453,5290,2163
E09000005,Brent,E05013496,Alperton,Male,7557,5707,1850
E09000005,Brent,E05013497,Barnhill,Female,5921,5457,464
E09000005,Brent,E05013497,Barnhill,Male,5493,5596,-103
E09000005,Brent,E05013498,Brondesbury Park,Female,6953,6586,367
E09000005,Brent,E05013498,Brondesbury Park,Male,6649,6437,212
E09000005,Brent,E05013499,Cricklewood & Mapesbury,Female,7100,6612,488
E09000005,Brent,E05013499,Cricklewood & Mapesbury,Male,6858,7095,-237
E09000005,Brent,E05013500,Dollis Hill,Female,10923,10172,751
E09000005,Brent,E05013500,Dollis Hill,Male,10721,10096,625
E09000005,Brent,E05013501,Harlesden & Kensal Green,Female,10642,10690,-48
E09000005,Brent,E05013501,Harlesden & Kensal Green,Male,9459,10602,-1143
E09000005,Brent,E05013502,Kenton,Female,8951,8779,172
E09000005,Brent,E05013502,Kenton,Male,8764,8505,259
E09000005,Brent,E05013503,Kilburn,Female,8976,8551,425
E09000005,Brent,E05013503,Kilburn,Male,8231,8438,-207
E09000005,Brent,E05013504,Kingsbury,Female,5726,4805,921
E09000005,Brent,E05013504,Kingsbury,Male,5708,4812,896
E09000005,Brent,E05013505,Northwick Park,Female,6241,5608,633
E09000005,Brent,E05013505,Northwick Park,Male,5881,5719,162
E09000005,Brent,E05013506,Preston,Female,6103,5503,600
E09000005,Brent,E05013506,Preston,Male,6348,5383,965
E09000005,Brent,E05013507,Queens Park,Female,9144,9141,3
E09000005,Brent,E05013507,Queens Park,Male,7960,9026,-1066
E09000005,Brent,E05013508,Queensbury,Female,8338,7883,455
E09000005,Brent,E05013508,Queensbury,Male,8526,7801,725
E09000005,Brent,E05013509,Roundwood,Female,8904,8098,806
E09000005,Brent,E05013509,Roundwood,Male,7751,7766,-15
E09000005,Brent,E05013510,Stonebridge,Female,10607,8730,1877
E09000005,Brent,E05013510,Stonebridge,Male,9602,8173,1429
E09000005,Brent,E05013511,Sudbury,Female,6818,6086,732
E09000005,Brent,E05013511,Sudbury,Male,6978,6467,511
E09000005,Brent,E05013512,Tokyngton,Female,4875,4527,348
E09000005,Brent,E05013512,Tokyngton,Male,5042,4846,196
E09000005,Brent,E05013513,Welsh Harp,Female,9206,8487,719
E09000005,Brent,E05013513,Welsh Harp,Male,9030,8466,564
E09000005,Brent,E05013514,Wembley Central,Female,8827,7340,1487
E09000005,Brent,E05013514,Wembley Central,Male,9186,7962,1224
E09000005,Brent,E05013515,Wembley Hill,Female,7652,6254,1398
E09000005,Brent,E05013515,Wembley Hill,Male,7890,7035,855
E09000005,Brent,E05013516,Wembley Park,Female,3976,795,3181
E09000005,Brent,E05013516,Wembley Park,Male,3660,889,2771
E09000005,Brent,E05013517,Willesden Green,Female,9775,9351,424
E09000005,Brent,E05013517,Willesden Green,Male,9410,9646,-236
E09000009,Ealing,E05013518,Central Greenford,Female,7010,6551,459
E09000009,Ealing,E05013518,Central Greenford,Male,6953,6718,235
E09000009,Ealing,E05013519,Dormers Wells,Female,7658,7163,495
E09000009,Ealing,E05013519,Dormers Wells,Male,7528,7131,397
E09000009,Ealing,E05013520,Ealing Broadway,Female,7219,6519,700
E09000009,Ealing,E05013520,Ealing Broadway,Male,7012,6280,732
E09000009,Ealing,E05013521,Ealing Common,Female,8043,7843,200
E09000009,Ealing,E05013521,Ealing Common,Male,7739,7904,-165
E09000009,Ealing,E05013522,East Acton,Female,8240,7215,1025
E09000009,Ealing,E05013522,East Acton,Male,7777,7318,459
E09000009,Ealing,E05013523,Greenford Broadway,Female,8785,7921,864
E09000009,Ealing,E05013523,Greenford Broadway,Male,8245,7503,742
E09000009,Ealing,E05013524,Hanger Hill,Female,8478,8327,151
E09000009,Ealing,E05013524,Hanger Hill,Male,8340,8079,261
E09000009,Ealing,E05013525,Hanwell Broadway,Female,7874,6996,878
E09000009,Ealing,E05013525,Hanwell Broadway,Male,7225,6654,571
E09000009,Ealing,E05013526,Lady Margaret,Female,7993,7649,344
E09000009,Ealing,E05013526,Lady Margaret,Male,8140,7743,397
E09000009,Ealing,E05013527,North Acton,Female,9326,7517,1809
E09000009,Ealing,E05013527,North Acton,Male,9045,7767,1278
E09000009,Ealing,E05013528,North Greenford,Female,8130,7519,611
E09000009,Ealing,E05013528,North Greenford,Male,8005,7752,253
E09000009,Ealing,E05013529,North Hanwell,Female,7756,7402,354
E09000009,Ealing,E05013529,North Hanwell,Male,7287,6827,460
E09000009,Ealing,E05013530,Northfield,Female,7488,7185,303
E09000009,Ealing,E05013530,Northfield,Male,6968,7221,-253
E09000009,Ealing,E05013531,Northolt Mandeville,Female,8896,8052,844
E09000009,Ealing,E05013531,Northolt Mandeville,Male,8465,7620,845
E09000009,Ealing,E05013532,Northolt West End,Female,8451,7747,704
E09000009,Ealing,E05013532,Northolt West End,Male,8079,7374,705
E09000009,Ealing,E05013533,Norwood Green,Female,7715,6653,1062
E09000009,Ealing,E05013533,Norwood Green,Male,7740,6764,976
E09000009,Ealing,E05013534,Perivale,Female,7935,7436,499
E09000009,Ealing,E05013534,Perivale,Male,8279,7928,351
E09000009,Ealing,E05013535,Pitshanger,Female,7915,7504,411
E09000009,Ealing,E05013535,Pitshanger,Male,7251,7054,197
E09000009,Ealing,E05013536,South Acton,Female,8850,7702,1148
E09000009,Ealing,E05013536,South Acton,Male,8257,7415,842
E09000009,Ealing,E05013537,Southall Broadway,Female,5250,4525,725
E09000009,Ealing,E05013537,Southall Broadway,Male,5714,5132,582
E09000009,Ealing,E05013538,Southall Green,Female,7889,6334,1555
E09000009,Ealing,E05013538,Southall Green,Male,8442,7343,1099
E09000009,Ealing,E05013539,Southall West,Female,3304,2632,672
E09000009,Ealing,E05013539,Southall West,Male,3501,2998,503
E09000009,Ealing,E05013540,Southfield,Female,8548,7581,967
E09000009,Ealing,E05013540,Southfield,Male,7691,7336,355
E09000009,Ealing,E05013541,Walpole,Female,7441,7301,140
E09000009,Ealing,E05013541,Walpole,Male,7215,7314,-99
E09000015,Harrow,E05013542,Belmont,Female,4620,4472,148
E09000015,Harrow,E05013542,Belmont,Male,4522,4448,74
E09000015,Harrow,E05013543,Canons,Female,4733,4655,78
E09000015,Harrow,E05013543,Canons,Male,4394,4233,161
E09000015,Harrow,E05013544,Centenary,Female,7146,6454,692
E09000015,Harrow,E05013544,Centenary,Male,7400,6284,1116
E09000015,Harrow,E05013545,Edgware,Female,7952,7257,695
E09000015,Harrow,E05013545,Edgware,Male,8034,7252,782
E09000015,Harrow,E05013546,Greenhill,Female,5737,3878,1859
E09000015,Harrow,E05013546,Greenhill,Male,5694,3855,1839
E09000015,Harrow,E05013547,Harrow on the Hill,Female,5158,4829,329
E09000015,Harrow,E05013547,Harrow on the Hill,Male,5644,5524,120
E09000015,Harrow,E05013548,Harrow Weald,Female,7501,7221,280
E09000015,Harrow,E05013548,Harrow Weald,Male,7039,6655,384
E09000015,Harrow,E05013549,Hatch End,Female,5066,4701,365
E09000015,Harrow,E05013549,Hatch End,Male,4522,4332,190
E09000015,Harrow,E05013550,Headstone,Female,7595,6734,861
E09000015,Harrow,E05013550,Headstone,Male,7476,6542,934
E09000015,Harrow,E05013551,Kenton East,Female,7278,7164,114
E09000015,Harrow,E05013551,Kenton East,Male,7318,7115,203
E09000015,Harrow,E05013552,Kenton West,Female,4832,4789,43
E09000015,Harrow,E05013552,Kenton West,Male,4751,4690,61
E09000015,Harrow,E05013553,Marlborough,Female,5771,4792,979
E09000015,Harrow,E05013553,Marlborough,Male,5606,5079,527
E09000015,Harrow,E05013554,North Harrow,Female,4692,4513,179
E09000015,Harrow,E05013554,North Harrow,Male,4542,4305,237
E09000015,Harrow,E05013555,Pinner,Female,6895,6452,443
E09000015,Harrow,E05013555,Pinner,Male,6368,5973,395
E09000015,Harrow,E05013556,Pinner South,Female,7729,7297,432
E09000015,Harrow,E05013556,Pinner South,Male,7367,6975,392
E09000015,Harrow,E05013557,Rayners Lane,Female,4764,4734,30
E09000015,Harrow,E05013557,Rayners Lane,Male,4856,4733,123
E09000015,Harrow,E05013558,Roxbourne,Female,5049,4514,535
E09000015,Harrow,E05013558,Roxbourne,Male,4771,4253,518
E09000015,Harrow,E05013559,Roxeth,Female,8034,7366,668
E09000015,Harrow,E05013559,Roxeth,Male,7723,7305,418
E09000015,Harrow,E05013560,Stanmore,Female,7286,6536,750
E09000015,Harrow,E05013560,Stanmore,Male,6394,5833,561
E09000015,Harrow,E05013561,Wealdstone North,Female,5303,4694,609
E09000015,Harrow,E05013561,Wealdstone North,Male,5057,4550,507
E09000015,Harrow,E05013562,Wealdstone South,Female,4011,3417,594
E09000015,Harrow,E05013562,Wealdstone South,Male,4073,3560,513
E09000015,Harrow,E05013563,West Harrow,Female,5249,4564,685
E09000015,Harrow,E05013563,West Harrow,Male,5249,4530,719
E09000017,Hillingdon,E05013564,Belmore,Female,8524,7852,672
E09000017,Hillingdon,E05013564,Belmore,Male,8845,8238,607
E09000017,Hillingdon,E05013565,Charville,Female,5762,5385,377
E09000017,Hillingdon,E05013565,Charville,Male,5731,5383,348
E09000017,Hillingdon,E05013566,Colham & Cowley,Female,9595,8694,901
E09000017,Hillingdon,E05013566,Colham & Cowley,Male,9654,9263,391
E09000017,Hillingdon,E05013567,Eastcote,Female,8638,8202,436
E09000017,Hillingdon,E05013567,Eastcote,Male,8034,7574,460
E09000017,Hillingdon,E05013568,Harefield Village,Female,2935,2822,113
E09000017,Hillingdon,E05013568,Harefield Village,Male,2816,2629,187
E09000017,Hillingdon,E05013569,Hayes Town,Female,7582,5650,1932
E09000017,Hillingdon,E05013569,Hayes Town,Male,7710,5821,1889
E09000017,Hillingdon,E05013570,Heathrow Villages,Female,6845,5800,1045
E09000017,Hillingdon,E05013570,Heathrow Villages,Male,7188,6399,789
E09000017,Hillingdon,E05013571,Hillingdon East,Female,8044,7552,492
E09000017,Hillingdon,E05013571,Hillingdon East,Male,7602,7320,282
E09000017,Hillingdon,E05013572,Hillingdon West,Female,5073,3392,1681
E09000017,Hillingdon,E05013572,Hillingdon West,Male,4798,3366,1432
E09000017,Hillingdon,E05013573,Ickenham & South Harefield,Female,7904,7206,698
E09000017,Hillingdon,E05013573,Ickenham & South Harefield,Male,7598,6886,712
E09000017,Hillingdon,E05013574,Northwood,Female,5948,5494,454
E09000017,Hillingdon,E05013574,Northwood,Male,5363,4975,388
E09000017,Hillingdon,E05013575,Northwood Hills,Female,6141,5766,375
E09000017,Hillingdon,E05013575,Northwood Hills,Male,5719,5268,451
E09000017,Hillingdon,E05013576,Pinkwell,Female,8337,7874,463
E09000017,Hillingdon,E05013576,Pinkwell,Male,8516,7950,566
E09000017,Hillingdon,E05013577,Ruislip,Female,8040,7590,450
E09000017,Hillingdon,E05013577,Ruislip,Male,7464,7209,255
E09000017,Hillingdon,E05013578,Ruislip Manor,Female,5564,5343,221
E09000017,Hillingdon,E05013578,Ruislip Manor,Male,5297,5071,226
E09000017,Hillingdon,E05013579,South Ruislip,Female,8609,8091,518
E09000017,Hillingdon,E05013579,South Ruislip,Male,8431,7924,507
E09000017,Hillingdon,E05013580,Uxbridge,Female,9015,8297,718
E09000017,Hillingdon,E05013580,Uxbridge,Male,9107,8348,759
E09000017,Hillingdon,E05013581,West Drayton,Female,9323,7340,1983
E09000017,Hillingdon,E05013581,West Drayton,Male,9108,7030,2078
E09000017,Hillingdon,E05013582,Wood End,Female,9785,8373,1412
E09000017,Hillingdon,E05013582,Wood End,Male,9588,8239,1349
E09000017,Hillingdon,E05013583,Yeading,Female,6944,6612,332
E09000017,Hillingdon,E05013583,Yeading,Male,6602,6186,416
E09000017,Hillingdon,E05013584,Yiewsley,Female,6235,4789,1446
E09000017,Hillingdon,E05013584,Yiewsley,Male,5878,4733,1145
E09000014,Haringey,E05013585,Alexandra Park,Female,4730,4720,10
E09000014,Haringey,E05013585,Alexandra Park,Male,4335,4491,-156
E09000014,Haringey,E05013586,Bounds Green,Female,5142,4827,315
E09000014,Haringey,E05013586,Bounds Green,Male,4605,4690,-85
E09000014,Haringey,E05013587,Bruce Castle,Female,7320,6791,529
E09000014,Haringey,E05013587,Bruce Castle,Male,6713,6371,342
E09000014,Haringey,E05013588,Crouch End,Female,6817,6701,116
E09000014,Haringey,E05013588,Crouch End,Male,6165,6591,-426
E09000014,Haringey,E05013589,Fortis Green,Female,6763,6560,203
E09000014,Haringey,E05013589,Fortis Green,Male,6121,6141,-20
E09000014,Haringey,E05013590,Harringay,Female,7259,6745,514
E09000014,Haringey,E05013590,Harringay,Male,7163,7102,61
E09000014,Haringey,E05013591,Hermitage & Gardens,Female,4613,4050,563
E09000014,Haringey,E05013591,Hermitage & Gardens,Male,4334,4115,219
E09000014,Haringey,E05013592,Highgate,Female,6510,6891,-381
E09000014,Haringey,E05013592,Highgate,Male,5970,6797,-827
E09000014,Haringey,E05013593,Hornsey,Female,7716,7227,489
E09000014,Haringey,E05013593,Hornsey,Male,7003,6809,194
E09000014,Haringey,E05013594,Muswell Hill,Female,4570,4703,-133
E09000014,Haringey,E05013594,Muswell Hill,Male,4270,4369,-99
E09000014,Haringey,E05013595,Noel Park,Female,7082,6959,123
E09000014,Haringey,E05013595,Noel Park,Male,6600,6569,31
E09000014,Haringey,E05013596,Northumberland Park,Female,7751,7015,736
E09000014,Haringey,E05013596,Northumberland Park,Male,7087,6954,133
E09000014,Haringey,E05013597,St Ann's,Female,5230,5073,157
E09000014,Haringey,E05013597,St Ann's,Male,5048,5486,-438
E09000014,Haringey,E05013598,Seven Sisters,Female,4799,4448,351
E09000014,Haringey,E05013598,Seven Sisters,Male,4609,4489,120
E09000014,Haringey,E05013599,South Tottenham,Female,8688,7539,1149
E09000014,Haringey,E05013599,South Tottenham,Male,8436,7473,963
E09000014,Haringey,E05013600,Stroud Green,Female,5755,5826,-71
E09000014,Haringey,E05013600,Stroud Green,Male,5166,5814,-648
E09000014,Haringey,E05013601,Tottenham Central,Female,7392,6653,739
E09000014,Haringey,E05013601,Tottenham Central,Male,6996,6674,322
E09000014,Haringey,E05013602,Tottenham Hale,Female,6203,3858,2345
E09000014,Haringey,E05013602,Tottenham Hale,Male,5731,3879,1852
E09000014,Haringey,E05013603,West Green,Female,7673,7395,278
E09000014,Haringey,E05013603,West Green,Male,7035,7468,-433
E09000014,Haringey,E05013604,White Hart Lane,Female,7100,7173,-73
E09000014,Haringey,E05013604,White Hart Lane,Male,6333,6429,-96
E09000014,Haringey,E05013605,Woodside,Female,7890,7548,342
E09000014,Haringey,E05013605,Woodside,Male,7512,7511,1
E09000018,Hounslow,E05013606,Bedfont,Female,7894,6820,1074
E09000018,Hounslow,E05013606,Bedfont,Male,7458,6643,815
E09000018,Hounslow,E05013607,Brentford East,Female,4550,3292,1258
E09000018,Hounslow,E05013607,Brentford East,Male,4060,3053,1007
E09000018,Hounslow,E05013608,Brentford West,Female,4372,4127,245
E09000018,Hounslow,E05013608,Brentford West,Male,4181,3957,224
E09000018,Hounslow,E05013609,Chiswick Gunnersbury,Female,6486,6174,312
E09000018,Hounslow,E05013609,Chiswick Gunnersbury,Male,6304,6057,247
E09000018,Hounslow,E05013610,Chiswick Homefields,Female,7146,7092,54
E09000018,Hounslow,E05013610,Chiswick Homefields,Male,6737,6661,76
E09000018,Hounslow,E05013611,Chiswick Riverside,Female,5014,4593,421
E09000018,Hounslow,E05013611,Chiswick Riverside,Male,4879,4723,156
E09000018,Hounslow,E05013612,Cranford,Female,7918,6631,1287
E09000018,Hounslow,E05013612,Cranford,Male,8110,6847,1263
E09000018,Hounslow,E05013613,Feltham North,Female,6414,5479,935
E09000018,Hounslow,E05013613,Feltham North,Male,6384,5410,974
E09000018,Hounslow,E05013614,Feltham West,Female,8107,7767,340
E09000018,Hounslow,E05013614,Feltham West,Male,8124,7774,350
E09000018,Hounslow,E05013615,Hanworth Park,Female,4982,4403,579
E09000018,Hounslow,E05013615,Hanworth Park,Male,5065,4309,756
E09000018,Hounslow,E05013616,Hanworth Village,Female,8262,7484,778
E09000018,Hounslow,E05013616,Hanworth Village,Male,8260,7280,980
E09000018,Hounslow,E05013617,Heston Central,Female,7249,5971,1278
E09000018,Hounslow,E05013617,Heston Central,Male,7289,6317,972
E09000018,Hounslow,E05013618,Heston East,Female,5757,5023,734
E09000018,Hounslow,E05013618,Heston East,Male,5788,5181,607
E09000018,Hounslow,E05013619,Heston West,Female,7724,6766,958
E09000018,Hounslow,E05013619,Heston West,Male,7614,6918,696
E09000018,Hounslow,E05013620,Hounslow Central,Female,5104,3859,1245
E09000018,Hounslow,E05013620,Hounslow Central,Male,5520,4443,1077
E09000018,Hounslow,E05013621,Hounslow East,Female,4429,3187,1242
E09000018,Hounslow,E05013621,Hounslow East,Male,4351,3461,890
E09000018,Hounslow,E05013622,Hounslow Heath,Female,7915,7241,674
E09000018,Hounslow,E05013622,Hounslow Heath,Male,8154,7486,668
E09000018,Hounslow,E05013623,Hounslow South,Female,6969,6699,270
E09000018,Hounslow,E05013623,Hounslow South,Male,6901,6629,272
E09000018,Hounslow,E05013624,Hounslow West,Female,7647,5894,1753
E09000018,Hounslow,E05013624,Hounslow West,Male,8272,6485,1787
E09000018,Hounslow,E05013625,Isleworth,Female,7458,6502,956
E09000018,Hounslow,E05013625,Isleworth,Male,6597,5995,602
E09000018,Hounslow,E05013626,Osterley & Spring Grove,Female,7379,6433,946
E09000018,Hounslow,E05013626,Osterley & Spring Grove,Male,7213,6817,396
E09000018,Hounslow,E05013627,Syon & Brentford Lock,Female,6220,5124,1096
E09000018,Hounslow,E05013627,Syon & Brentford Lock,Male,5937,4951,986
E09000003,Barnet,E05013628,Barnet Vale,Female,8873,8269,604
E09000003,Barnet,E05013628,Barnet Vale,Male,8198,7843,355
E09000003,Barnet,E05013629,Brunswick Park,Female,8273,8087,186
E09000003,Barnet,E05013629,Brunswick Park,Male,7868,7610,258
E09000003,Barnet,E05013630,Burnt Oak,Female,11152,10427,725
E09000003,Barnet,E05013630,Burnt Oak,Male,10423,9491,932
E09000003,Barnet,E05013631,Childs Hill,Female,10002,9654,348
E09000003,Barnet,E05013631,Childs Hill,Male,9390,9151,239
E09000003,Barnet,E05013632,Colindale North,Female,6598,5401,1197
E09000003,Barnet,E05013632,Colindale North,Male,6129,4971,1158
E09000003,Barnet,E05013633,Colindale South,Female,9620,4133,5487
E09000003,Barnet,E05013633,Colindale South,Male,9381,4215,5166
E09000003,Barnet,E05013634,Cricklewood,Female,5353,4536,817
E09000003,Barnet,E05013634,Cricklewood,Male,5060,4396,664
E09000003,Barnet,E05013635,East Barnet,Female,9266,8546,720
E09000003,Barnet,E05013635,East Barnet,Male,8833,8168,665
E09000003,Barnet,E05013636,East Finchley,Female,8544,8147,397
E09000003,Barnet,E05013636,East Finchley,Male,7780,7537,243
E09000003,Barnet,E05013637,Edgware,Female,10189,9377,812
E09000003,Barnet,E05013637,Edgware,Male,9581,8742,839
E09000003,Barnet,E05013638,Edgwarebury,Female,6350,6108,242
E09000003,Barnet,E05013638,Edgwarebury,Male,5994,5810,184
E09000003,Barnet,E05013639,Finchley Church End,Female,9873,9282,591
E09000003,Barnet,E05013639,Finchley Church End,Male,8962,8728,234
E09000003,Barnet,E05013640,Friern Barnet,Female,9958,9451,507
E09000003,Barnet,E05013640,Friern Barnet,Male,9105,9081,24
E09000003,Barnet,E05013641,Garden Suburb,Female,6793,6895,-102
E09000003,Barnet,E05013641,Garden Suburb,Male,5886,6068,-182
E09000003,Barnet,E05013642,Golders Green,Female,7644,7422,222
E09000003,Barnet,E05013642,Golders Green,Male,7498,6979,519
E09000003,Barnet,E05013643,Hendon,Female,11094,10565,529
E09000003,Barnet,E05013643,Hendon,Male,10883,10321,562
E09000003,Barnet,E05013644,High Barnet,Female,6159,5686,473
E09000003,Barnet,E05013644,High Barnet,Male,5848,5174,674
E09000003,Barnet,E05013645,Mill Hill,Female,9248,8797,451
E09000003,Barnet,E05013645,Mill Hill,Male,8577,8160,417
E09000003,Barnet,E05013646,Totteridge & Woodside,Female,7647,6910,737
E09000003,Barnet,E05013646,Totteridge & Woodside,Male,7257,6297,960
E09000003,Barnet,E05013647,Underhill,Female,6435,6456,-21
E09000003,Barnet,E05013647,Underhill,Male,5862,5680,182
E09000003,Barnet,E05013648,West Finchley,Female,10001,9935,66
E09000003,Barnet,E05013648,West Finchley,Male,9405,9423,-18
E09000003,Barnet,E05013649,West Hendon,Female,8769,7944,825
E09000003,Barnet,E05013649,West Hendon,Male,8486,7827,659
E09000003,Barnet,E05013650,Whetstone,Female,5684,5126,558
E09000003,Barnet,E05013650,Whetstone,Male,5205,4755,450
E09000003,Barnet,E05013651,Woodhouse,Female,7295,6555,740
E09000003,Barnet,E05013651,Woodhouse,Male,6870,6249,621
E09000007,Camden,E05013652,Belsize,Female,6378,6744,-366
E09000007,Camden,E05013652,Belsize,Male,5736,6340,-604
E09000007,Camden,E05013653,Bloomsbury,Female,5883,7108,-1225
E09000007,Camden,E05013653,Bloomsbury,Male,5484,7509,-2025
E09000007,Camden,E05013654,Camden Square,Female,3706,3993,-287
E09000007,Camden,E05013654,Camden Square,Male,3381,3948,-567
E09000007,Camden,E05013655,Camden Town,Female,3455,3361,94
E09000007,Camden,E05013655,Camden Town,Male,3355,3426,-71
E09000007,Camden,E05013656,Fortune Green,Female,6014,5949,65
E09000007,Camden,E05013656,Fortune Green,Male,5556,5964,-408
E09000007,Camden,E05013657,Frognal,Female,4075,4244,-169
E09000007,Camden,E05013657,Frognal,Male,3656,3954,-298
E09000007,Camden,E05013658,Gospel Oak,Female,6268,6479,-211
E09000007,Camden,E05013658,Gospel Oak,Male,5449,6053,-604
E09000007,Camden,E05013659,Hampstead Town,Female,4228,4569,-341
E09000007,Camden,E05013659,Hampstead Town,Male,3864,4344,-480
E09000007,Camden,E05013660,Haverstock,Female,6430,6503,-73
E09000007,Camden,E05013660,Haverstock,Male,5549,5915,-366
E09000007,Camden,E05013661,Highgate,Female,5456,5645,-189
E09000007,Camden,E05013661,Highgate,Male,4774,5009,-235
E09000007,Camden,E05013662,Holborn & Covent Garden,Female,5117,5539,-422
E09000007,Camden,E05013662,Holborn & Covent Garden,Male,5207,6367,-1160
E09000007,Camden,E05013663,Kentish Town North,Female,3867,4065,-198
E09000007,Camden,E05013663,Kentish Town North,Male,3433,3761,-328
E09000007,Camden,E05013664,Kentish Town South,Female,5655,5377,278
E09000007,Camden,E05013664,Kentish Town South,Male,4650,4868,-218
E09000007,Camden,E05013665,Kilburn,Female,6435,6035,400
E09000007,Camden,E05013665,Kilburn,Male,5575,5488,87
E09000007,Camden,E05013666,King's Cross,Female,5968,5257,711
E09000007,Camden,E05013666,King's Cross,Male,5484,5301,183
E09000007,Camden,E05013667,Primrose Hill,Female,6608,6726,-118
E09000007,Camden,E05013667,Primrose Hill,Male,5833,6086,-253
E09000007,Camden,E05013668,Regent's Park,Female,6331,6610,-279
E09000007,Camden,E05013668,Regent's Park,Male,5596,6918,-1322
E09000007,Camden,E05013669,St Pancras & Somers Town,Female,6553,6638,-85
E09000007,Camden,E05013669,St Pancras & Somers Town,Male,5909,6039,-130
E09000007,Camden,E05013670,South Hampstead,Female,6362,5893,469
E09000007,Camden,E05013670,South Hampstead,Male,5673,5251,422
E09000007,Camden,E05013671,West Hampstead,Female,5865,5718,147
E09000007,Camden,E05013671,West Hampstead,Male,5326,5345,-19
E09000010,Enfield,E05013672,Arnos Grove,Female,4494,4116,378
E09000010,Enfield,E05013672,Arnos Grove,Male,4384,4035,349
E09000010,Enfield,E05013673,Bowes,Female,5426,5049,377
E09000010,Enfield,E05013673,Bowes,Male,5285,4841,444
E09000010,Enfield,E05013674,Brimsdown,Female,8535,8323,212
E09000010,Enfield,E05013674,Brimsdown,Male,7755,7545,210
E09000010,Enfield,E05013675,Bullsmoor,Female,5991,5596,395
E09000010,Enfield,E05013675,Bullsmoor,Male,5383,5087,296
E09000010,Enfield,E05013676,Bush Hill Park,Female,6676,6538,138
E09000010,Enfield,E05013676,Bush Hill Park,Male,6331,6240,91
E09000010,Enfield,E05013677,Carterhatch,Female,6805,5893,912
E09000010,Enfield,E05013677,Carterhatch,Male,6003,5334,669
E09000010,Enfield,E05013678,Cockfosters,Female,5320,4909,411
E09000010,Enfield,E05013678,Cockfosters,Male,4835,4480,355
E09000010,Enfield,E05013679,Edmonton Green,Female,9100,8752,348
E09000010,Enfield,E05013679,Edmonton Green,Male,7952,7972,-20
E09000010,Enfield,E05013680,Enfield Lock,Female,9527,8716,811
E09000010,Enfield,E05013680,Enfield Lock,Male,8343,7800,543
E09000010,Enfield,E05013681,Grange Park,Female,4434,4045,389
E09000010,Enfield,E05013681,Grange Park,Male,4164,4116,48
E09000010,Enfield,E05013682,Haselbury,Female,9540,9094,446
E09000010,Enfield,E05013682,Haselbury,Male,8774,8385,389
E09000010,Enfield,E05013683,Highfield,Female,4832,4984,-152
E09000010,Enfield,E05013683,Highfield,Male,4715,4659,56
E09000010,Enfield,E05013684,Jubilee,Female,8575,8060,515
E09000010,Enfield,E05013684,Jubilee,Male,7800,7548,252
E09000010,Enfield,E05013685,Lower Edmonton,Female,8810,8555,255
E09000010,Enfield,E05013685,Lower Edmonton,Male,7708,7739,-31
E09000010,Enfield,E05013686,New Southgate,Female,5690,5272,418
E09000010,Enfield,E05013686,New Southgate,Male,5429,5341,88
E09000010,Enfield,E05013687,Oakwood,Female,4539,4419,120
E09000010,Enfield,E05013687,Oakwood,Male,4153,4053,100
E09000010,Enfield,E05013688,Palmers Green,Female,5525,5064,461
E09000010,Enfield,E05013688,Palmers Green,Male,5312,4978,334
E09000010,Enfield,E05013689,Ponders End,Female,7162,6348,814
E09000010,Enfield,E05013689,Ponders End,Male,6337,5963,374
E09000010,Enfield,E05013690,Ridgeway,Female,6779,6207,572
E09000010,Enfield,E05013690,Ridgeway,Male,6008,5928,80
E09000010,Enfield,E05013691,Southbury,Female,8097,7533,564
E09000010,Enfield,E05013691,Southbury,Male,7242,6972,270
E09000010,Enfield,E05013692,Southgate,Female,7853,7475,378
E09000010,Enfield,E05013692,Southgate,Male,7362,6934,428
E09000010,Enfield,E05013693,Town,Female,7008,6442,566
E09000010,Enfield,E05013693,Town,Male,6322,5996,326
E09000010,Enfield,E05013694,Upper Edmonton,Female,8768,7934,834
E09000010,Enfield,E05013694,Upper Edmonton,Male,8062,7112,950
E09000010,Enfield,E05013695,Whitewebbs,Female,7600,7407,193
E09000010,Enfield,E05013695,Whitewebbs,Male,6787,6648,139
E09000010,Enfield,E05013696,Winchmore Hill,Female,5371,5078,293
E09000010,Enfield,E05013696,Winchmore Hill,Male,5070,4951,119
E09000019,Islington,E05013697,Arsenal,Female,6721,5513,1208
E09000019,Islington,E05013697,Arsenal,Male,6441,5710,731
E09000019,Islington,E05013698,Barnsbury,Female,6083,6173,-90
E09000019,Islington,E05013698,Barnsbury,Male,5757,5927,-170
E09000019,Islington,E05013699,Bunhill,Female,5674,5313,361
E09000019,Islington,E05013699,Bunhill,Male,5487,5580,-93
E09000019,Islington,E05013700,Caledonian,Female,6161,5695,466
E09000019,Islington,E05013700,Caledonian,Male,5163,5920,-757
E09000019,Islington,E05013701,Canonbury,Female,6700,6816,-116
E09000019,Islington,E05013701,Canonbury,Male,5829,6062,-233
E09000019,Islington,E05013702,Clerkenwell,Female,5750,5684,66
E09000019,Islington,E05013702,Clerkenwell,Male,5248,5965,-717
E09000019,Islington,E05013703,Finsbury Park,Female,7570,6220,1350
E09000019,Islington,E05013703,Finsbury Park,Male,6841,6238,603
E09000019,Islington,E05013704,Highbury,Female,7350,6730,620
E09000019,Islington,E05013704,Highbury,Male,6593,6453,140
E09000019,Islington,E05013705,Hillrise,Female,7944,7593,351
E09000019,Islington,E05013705,Hillrise,Male,6865,6882,-17
E09000019,Islington,E05013706,Holloway,Female,6559,5840,719
E09000019,Islington,E05013706,Holloway,Male,5796,5557,239
E09000019,Islington,E05013707,Junction,Female,6855,6482,373
E09000019,Islington,E05013707,Junction,Male,6102,5931,171
E09000019,Islington,E05013708,Laycock,Female,6592,5944,648
E09000019,Islington,E05013708,Laycock,Male,6608,5818,790
E09000019,Islington,E05013709,Mildmay,Female,7499,7177,322
E09000019,Islington,E05013709,Mildmay,Male,6677,6518,159
E09000019,Islington,E05013710,St Mary's & St James',Female,6121,5635,486
E09000019,Islington,E05013710,St Mary's & St James',Male,5552,5464,88
E09000019,Islington,E05013711,St Peter's & Canalside,Female,5944,4554,1390
E09000019,Islington,E05013711,St Peter's & Canalside,Male,5732,4710,1022
E09000019,Islington,E05013712,Tollington,Female,7358,6975,383
E09000019,Islington,E05013712,Tollington,Male,6606,6646,-40
E09000019,Islington,E05013713,Tufnell Park,Female,6404,6376,28
E09000019,Islington,E05013713,Tufnell Park,Male,5987,6024,-37
E09000023,Lewisham,E05013714,Bellingham,Female,6092,5656,436
E09000023,Lewisham,E05013714,Bellingham,Male,5572,4971,601
E09000023,Lewisham,E05013715,Blackheath,Female,8559,7880,679
E09000023,Lewisham,E05013715,Blackheath,Male,7663,7430,233
E09000023,Lewisham,E05013716,Brockley,Female,9531,8662,869
E09000023,Lewisham,E05013716,Brockley,Male,8422,8505,-83
E09000023,Lewisham,E05013717,Catford South,Female,9030,8224,806
E09000023,Lewisham,E05013717,Catford South,Male,8237,7873,364
E09000023,Lewisham,E05013718,Crofton Park,Female,8152,7772,380
E09000023,Lewisham,E05013718,Crofton Park,Male,7342,7232,110
E09000023,Lewisham,E05013719,Deptford,Female,8544,7154,1390
E09000023,Lewisham,E05013719,Deptford,Male,7841,6950,891
E09000023,Lewisham,E05013720,Downham,Female,9933,9257,676
E09000023,Lewisham,E05013720,Downham,Male,8833,7915,918
E09000023,Lewisham,E05013721,Evelyn,Female,7646,5534,2112
E09000023,Lewisham,E05013721,Evelyn,Male,7314,5599,1715
E09000023,Lewisham,E05013722,Forest Hill,Female,7935,7414,521
E09000023,Lewisham,E05013722,Forest Hill,Male,7242,7440,-198
E09000023,Lewisham,E05013723,Grove Park,Female,8129,7780,349
E09000023,Lewisham,E05013723,Grove Park,Male,7462,7095,367
E09000023,Lewisham,E05013724,Hither Green,Female,10596,9970,626
E09000023,Lewisham,E05013724,Hither Green,Male,9659,9315,344
E09000023,Lewisham,E05013725,Ladywell,Female,8101,7817,284
E09000023,Lewisham,E05013725,Ladywell,Male,7122,7731,-609
E09000023,Lewisham,E05013726,Lee Green,Female,7808,7301,507
E09000023,Lewisham,E05013726,Lee Green,Male,7182,7246,-64
E09000023,Lewisham,E05013727,Lewisham Central,Female,4299,2039,2260
E09000023,Lewisham,E05013727,Lewisham Central,Male,4076,2131,1945
E09000023,Lewisham,E05013728,New Cross Gate,Female,5691,4379,1312
E09000023,Lewisham,E05013728,New Cross Gate,Male,5203,4236,967
E09000023,Lewisham,E05013729,Perry Vale,Female,9790,9103,687
E09000023,Lewisham,E05013729,Perry Vale,Male,8548,8818,-270
E09000023,Lewisham,E05013730,Rushey Green,Female,9728,8300,1428
E09000023,Lewisham,E05013730,Rushey Green,Male,9025,8314,711
E09000023,Lewisham,E05013731,Sydenham,Female,9349,8443,906
E09000023,Lewisham,E05013731,Sydenham,Male,8003,7989,14
E09000023,Lewisham,E05013732,Telegraph Hill,Female,8913,8245,668
E09000023,Lewisham,E05013732,Telegraph Hill,Male,8010,8169,-159
E09000013,Hammersmith and Fulham,E05013733,Addison,Female,4117,3975,142
E09000013,Hammersmith and Fulham,E05013733,Addison,Male,3691,3818,-127
E09000013,Hammersmith and Fulham,E05013734,Avonmore,Female,4066,4238,-172
E09000013,Hammersmith and Fulham,E05013734,Avonmore,Male,3468,4036,-568
E09000013,Hammersmith and Fulham,E05013735,Brook Green,Female,4296,4310,-14
E09000013,Hammersmith and Fulham,E05013735,Brook Green,Male,3792,3952,-160
E09000013,Hammersmith and Fulham,E05013736,College Park & Old Oak,Female,5118,4825,293
E09000013,Hammersmith and Fulham,E05013736,College Park & Old Oak,Male,4869,4350,519
E09000013,Hammersmith and Fulham,E05013737,Coningham,Female,5659,5477,182
E09000013,Hammersmith and Fulham,E05013737,Coningham,Male,5156,5640,-484
E09000013,Hammersmith and Fulham,E05013738,Fulham Reach,Female,6063,6189,-126
E09000013,Hammersmith and Fulham,E05013738,Fulham Reach,Male,5523,6051,-528
E09000013,Hammersmith and Fulham,E05013739,Fulham Town,Female,4071,4106,-35
E09000013,Hammersmith and Fulham,E05013739,Fulham Town,Male,3395,3707,-312
E09000013,Hammersmith and Fulham,E05013740,Grove,Female,3883,3666,217
E09000013,Hammersmith and Fulham,E05013740,Grove,Male,3559,3772,-213
E09000013,Hammersmith and Fulham,E05013741,Hammersmith Broadway,Female,4056,3336,720
E09000013,Hammersmith and Fulham,E05013741,Hammersmith Broadway,Male,3585,3202,383
E09000013,Hammersmith and Fulham,E05013742,Lillie,Female,3445,3204,241
E09000013,Hammersmith and Fulham,E05013742,Lillie,Male,3206,3006,200
E09000013,Hammersmith and Fulham,E05013743,Munster,Female,6723,6553,170
E09000013,Hammersmith and Fulham,E05013743,Munster,Male,5698,6122,-424
E09000013,Hammersmith and Fulham,E05013744,Palace & Hurlingham,Female,6187,6031,156
E09000013,Hammersmith and Fulham,E05013744,Palace & Hurlingham,Male,5311,5468,-157
E09000013,Hammersmith and Fulham,E05013745,Parsons Green & Sandford,Female,4168,4171,-3
E09000013,Hammersmith and Fulham,E05013745,Parsons Green & Sandford,Male,3744,3944,-200
E09000013,Hammersmith and Fulham,E05013746,Ravenscourt,Female,3653,3604,49
E09000013,Hammersmith and Fulham,E05013746,Ravenscourt,Male,3325,3600,-275
E09000013,Hammersmith and Fulham,E05013747,Sands End,Female,5928,4961,967
E09000013,Hammersmith and Fulham,E05013747,Sands End,Male,5002,4503,499
E09000013,Hammersmith and Fulham,E05013748,Shepherd's Bush Green,Female,2943,2765,178
E09000013,Hammersmith and Fulham,E05013748,Shepherd's Bush Green,Male,2680,2727,-47
E09000013,Hammersmith and Fulham,E05013749,Walham Green,Female,4119,4038,81
E09000013,Hammersmith and Fulham,E05013749,Walham Green,Male,3624,3667,-43
E09000013,Hammersmith and Fulham,E05013750,Wendell Park,Female,3971,3828,143
E09000013,Hammersmith and Fulham,E05013750,Wendell Park,Male,3468,3865,-397
E09000013,Hammersmith and Fulham,E05013751,West Kensington,Female,5012,5145,-133
E09000013,Hammersmith and Fulham,E05013751,West Kensington,Male,4482,5253,-771
E09000013,Hammersmith and Fulham,E05013752,White City,Female,5494,5162,332
E09000013,Hammersmith and Fulham,E05013752,White City,Male,4794,4597,197
E09000013,Hammersmith and Fulham,E05013753,Wormholt,Female,4242,3995,247
E09000013,Hammersmith and Fulham,E05013753,Wormholt,Male,3572,3633,-61
E09000029,Sutton,E05013754,Beddington,Female,5624,5342,282
E09000029,Sutton,E05013754,Beddington,Male,5383,5249,134
E09000029,Sutton,E05013755,Belmont,Female,5894,5493,401
E09000029,Sutton,E05013755,Belmont,Male,5630,5159,471
E09000029,Sutton,E05013756,Carshalton Central,Female,6079,5565,514
E09000029,Sutton,E05013756,Carshalton Central,Male,5598,5314,284
E09000029,Sutton,E05013757,Carshalton South & Clockhouse,Female,5158,4853,305
E09000029,Sutton,E05013757,Carshalton South & Clockhouse,Male,4925,4589,336
E09000029,Sutton,E05013758,Cheam,Female,5608,5311,297
E09000029,Sutton,E05013758,Cheam,Male,5219,4994,225
E09000029,Sutton,E05013759,Hackbridge,Female,3499,2541,958
E09000029,Sutton,E05013759,Hackbridge,Male,3324,2423,901
E09000029,Sutton,E05013760,North Cheam,Female,5950,5500,450
E09000029,Sutton,E05013760,North Cheam,Male,5692,5342,350
E09000029,Sutton,E05013761,St Helier East,Female,4373,4095,278
E09000029,Sutton,E05013761,St Helier East,Male,4079,3728,351
E09000029,Sutton,E05013762,St Helier West,Female,6455,6032,423
E09000029,Sutton,E05013762,St Helier West,Male,5835,5568,267
E09000029,Sutton,E05013763,South Beddington & Roundshaw,Female,5587,5230,357
E09000029,Sutton,E05013763,South Beddington & Roundshaw,Male,5216,4803,413
E09000029,Sutton,E05013764,Stonecot,Female,3998,3681,317
E09000029,Sutton,E05013764,Stonecot,Male,3786,3546,240
E09000029,Sutton,E05013765,Sutton Central,Female,6374,4514,1860
E09000029,Sutton,E05013765,Sutton Central,Male,5992,4419,1573
E09000029,Sutton,E05013766,Sutton North,Female,5808,5375,433
E09000029,Sutton,E05013766,Sutton North,Male,5487,5021,466
E09000029,Sutton,E05013767,Sutton South,Female,6235,5372,863
E09000029,Sutton,E05013767,Sutton South,Male,5937,5174,763
E09000029,Sutton,E05013768,Sutton West & East Cheam,Female,5990,5475,515
E09000029,Sutton,E05013768,Sutton West & East Cheam,Male,5522,5222,300
E09000029,Sutton,E05013769,The Wrythe,Female,5588,4801,787
E09000029,Sutton,E05013769,The Wrythe,Male,5112,4538,574
E09000029,Sutton,E05013770,Wallington North,Female,6102,5510,592
E09000029,Sutton,E05013770,Wallington North,Male,5854,5109,745
E09000029,Sutton,E05013771,Wallington South,Female,5856,5424,432
E09000029,Sutton,E05013771,Wallington South,Male,5355,4914,441
E09000029,Sutton,E05013772,Worcester Park North,Female,4283,3875,408
E09000029,Sutton,E05013772,Worcester Park North,Male,4024,3754,270
E09000029,Sutton,E05013773,Worcester Park South,Female,3658,3714,-56
E09000029,Sutton,E05013773,Worcester Park South,Male,3514,3576,-62
E09000027,Richmond upon Thames,E05013774,Barnes,Female,5484,5541,-57
E09000027,Richmond upon Thames,E05013774,Barnes,Male,4988,5184,-196
E09000027,Richmond upon Thames,E05013775,East Sheen,Female,5525,5322,203
E09000027,Richmond upon Thames,E05013775,East Sheen,Male,5143,5026,117
E09000027,Richmond upon Thames,E05013776,Fulwell & Hampton Hill,Female,5562,5235,327
E09000027,Richmond upon Thames,E05013776,Fulwell & Hampton Hill,Male,5152,4896,256
E09000027,Richmond upon Thames,E05013777,"Ham, Petersham & Richmond Riverside",Female,5622,5173,449
E09000027,Richmond upon Thames,E05013777,"Ham, Petersham & Richmond Riverside",Male,5205,5144,61
E09000027,Richmond upon Thames,E05013778,Hampton,Female,5124,5018,106
E09000027,Richmond upon Thames,E05013778,Hampton,Male,4851,4632,219
E09000027,Richmond upon Thames,E05013779,Hampton North,Female,5232,5057,175
E09000027,Richmond upon Thames,E05013779,Hampton North,Male,4810,4665,145
E09000027,Richmond upon Thames,E05013780,Hampton Wick & South Teddington,Female,5486,5247,239
E09000027,Richmond upon Thames,E05013780,Hampton Wick & South Teddington,Male,5267,4974,293
E09000027,Richmond upon Thames,E05013781,Heathfield,Female,5309,4920,389
E09000027,Richmond upon Thames,E05013781,Heathfield,Male,5104,4777,327
E09000027,Richmond upon Thames,E05013782,Kew,Female,6180,5823,357
E09000027,Richmond upon Thames,E05013782,Kew,Male,5612,5573,39
E09000027,Richmond upon Thames,E05013783,Mortlake & Barnes Common,Female,6249,5883,366
E09000027,Richmond upon Thames,E05013783,Mortlake & Barnes Common,Male,5552,5386,166
E09000027,Richmond upon Thames,E05013784,North Richmond,Female,5583,5114,469
E09000027,Richmond upon Thames,E05013784,North Richmond,Male,5279,4799,480
E09000027,Richmond upon Thames,E05013785,St Margarets & North Twickenham,Female,5985,5539,446
E09000027,Richmond upon Thames,E05013785,St Margarets & North Twickenham,Male,5678,5557,121
E09000027,Richmond upon Thames,E05013786,South Richmond,Female,5808,5535,273
E09000027,Richmond upon Thames,E05013786,South Richmond,Male,5275,5285,-10
E09000027,Richmond upon Thames,E05013787,South Twickenham,Female,5633,5217,416
E09000027,Richmond upon Thames,E05013787,South Twickenham,Male,5216,4988,228
E09000027,Richmond upon Thames,E05013788,Teddington,Female,5627,5362,265
E09000027,Richmond upon Thames,E05013788,Teddington,Male,4937,4968,-31
E09000027,Richmond upon Thames,E05013789,Twickenham Riverside,Female,5802,5285,517
E09000027,Richmond upon Thames,E05013789,Twickenham Riverside,Male,5477,5187,290
E09000027,Richmond upon Thames,E05013790,West Twickenham,Female,5872,5298,574
E09000027,Richmond upon Thames,E05013790,West Twickenham,Male,5215,5012,203
E09000027,Richmond upon Thames,E05013791,Whitton,Female,5221,5272,-51
E09000027,Richmond upon Thames,E05013791,Whitton,Male,5214,5096,118
E09000033,Westminster,E05013792,Abbey Road,Female,6860,7183,-323
E09000033,Westminster,E05013792,Abbey Road,Male,6121,6701,-580
E09000033,Westminster,E05013793,Bayswater,Female,6209,6395,-186
E09000033,Westminster,E05013793,Bayswater,Male,5943,6694,-751
E09000033,Westminster,E05013794,Church Street,Female,6094,6035,59
E09000033,Westminster,E05013794,Church Street,Male,5572,5725,-153
E09000033,Westminster,E05013795,Harrow Road,Female,5935,6045,-110
E09000033,Westminster,E05013795,Harrow Road,Male,5238,5784,-546
E09000033,Westminster,E05013796,Hyde Park,Female,5121,4669,452
E09000033,Westminster,E05013796,Hyde Park,Male,4991,5744,-753
E09000033,Westminster,E05013797,Knightsbridge & Belgravia,Female,6040,6673,-633
E09000033,Westminster,E05013797,Knightsbridge & Belgravia,Male,5152,7233,-2081
E09000033,Westminster,E05013798,Lancaster Gate,Female,5742,6318,-576
E09000033,Westminster,E05013798,Lancaster Gate,Male,5527,6991,-1464
E09000033,Westminster,E05013799,Little Venice,Female,5400,5309,91
E09000033,Westminster,E05013799,Little Venice,Male,4970,5324,-354
E09000033,Westminster,E05013800,Maida Vale,Female,6074,5918,156
E09000033,Westminster,E05013800,Maida Vale,Male,5622,5510,112
E09000033,Westminster,E05013801,Marylebone,Female,6170,6807,-637
E09000033,Westminster,E05013801,Marylebone,Male,6252,7822,-1570
E09000033,Westminster,E05013802,Pimlico North,Female,5025,5582,-557
E09000033,Westminster,E05013802,Pimlico North,Male,5246,5691,-445
E09000033,Westminster,E05013803,Pimlico South,Female,5575,5774,-199
E09000033,Westminster,E05013803,Pimlico South,Male,4988,5462,-474
E09000033,Westminster,E05013804,Queen's Park,Female,6753,6640,113
E09000033,Westminster,E05013804,Queen's Park,Male,6001,5923,78
E09000033,Westminster,E05013805,Regent's Park,Female,6243,7011,-768
E09000033,Westminster,E05013805,Regent's Park,Male,5566,6799,-1233
E09000033,Westminster,E05013806,St James's,Female,4829,4460,369
E09000033,Westminster,E05013806,St James's,Male,5247,5787,-540
E09000033,Westminster,E05013807,Vincent Square,Female,5518,5183,335
E09000033,Westminster,E05013807,Vincent Square,Male,5089,5386,-297
E09000033,Westminster,E05013808,West End,Female,5461,5772,-311
E09000033,Westminster,E05013808,West End,Male,5785,7300,-1515
E09000033,Westminster,E05013809,Westbourne,Female,6278,6074,204
E09000033,Westminster,E05013809,Westbourne,Male,5579,5672,-93
E09000024,Merton,E05013810,Abbey,Female,5227,4945,282
E09000024,Merton,E05013810,Abbey,Male,5032,4787,245
E09000024,Merton,E05013811,Cannon Hill,Female,5051,4714,337
E09000024,Merton,E05013811,Cannon Hill,Male,4885,4676,209
E09000024,Merton,E05013812,Colliers Wood,Female,5910,5243,667
E09000024,Merton,E05013812,Colliers Wood,Male,5655,5469,186
E09000024,Merton,E05013813,Cricket Green,Female,6274,5697,577
E09000024,Merton,E05013813,Cricket Green,Male,5855,5209,646
E09000024,Merton,E05013814,Figge's Marsh,Female,5689,5087,602
E09000024,Merton,E05013814,Figge's Marsh,Male,5399,4925,474
E09000024,Merton,E05013815,Graveney,Female,5926,5415,511
E09000024,Merton,E05013815,Graveney,Male,5869,5855,14
E09000024,Merton,E05013816,Hillside,Female,4458,4308,150
E09000024,Merton,E05013816,Hillside,Male,4060,4146,-86
E09000024,Merton,E05013817,Lavender Fields,Female,5898,5370,528
E09000024,Merton,E05013817,Lavender Fields,Male,5664,5138,526
E09000024,Merton,E05013818,Longthornton,Female,6074,5279,795
E09000024,Merton,E05013818,Longthornton,Male,5757,4992,765
E09000024,Merton,E05013819,Lower Morden,Female,5878,5468,410
E09000024,Merton,E05013819,Lower Morden,Male,5623,5374,249
E09000024,Merton,E05013820,Merton Park,Female,4174,3969,205
E09000024,Merton,E05013820,Merton Park,Male,4121,3966,155
E09000024,Merton,E05013821,Pollards Hill,Female,6098,5259,839
E09000024,Merton,E05013821,Pollards Hill,Male,5773,4886,887
E09000024,Merton,E05013822,Ravensbury,Female,4880,4406,474
E09000024,Merton,E05013822,Ravensbury,Male,4600,4376,224
E09000024,Merton,E05013823,Raynes Park,Female,6422,5813,609
E09000024,Merton,E05013823,Raynes Park,Male,5823,5459,364
E09000024,Merton,E05013824,St Helier,Female,5658,4999,659
E09000024,Merton,E05013824,St Helier,Male,5468,4822,646
E09000024,Merton,E05013825,Village,Female,6060,5850,210
E09000024,Merton,E05013825,Village,Male,5422,5555,-133
E09000024,Merton,E05013826,Wandle,Female,3303,2973,330
E09000024,Merton,E05013826,Wandle,Male,2978,2856,122
E09000024,Merton,E05013827,West Barnes,Female,5353,4954,399
E09000024,Merton,E05013827,West Barnes,Male,5141,4794,347
E09000024,Merton,E05013828,Wimbledon Park,Female,5753,5320,433
E09000024,Merton,E05013828,Wimbledon Park,Male,5313,5143,170
E09000024,Merton,E05013829,Wimbledon Town & Dundonald,Female,6450,6109,341
E09000024,Merton,E05013829,Wimbledon Town & Dundonald,Male,6231,6086,145
E09000031,Waltham Forest,E05013882,Cann Hall,Female,8018,7751,267
E09000031,Waltham Forest,E05013882,Cann Hall,Male,8059,8261,-202
E09000031,Waltham Forest,E05013883,Cathall,Female,5163,5090,73
E09000031,Waltham Forest,E05013883,Cathall,Male,5374,5261,113
E09000031,Waltham Forest,E05013884,Chapel End,Female,7231,6798,433
E09000031,Waltham Forest,E05013884,Chapel End,Male,6825,6865,-40
E09000031,Waltham Forest,E05013885,Chingford Green,Female,5953,5752,201
E09000031,Waltham Forest,E05013885,Chingford Green,Male,5608,5304,304
E09000031,Waltham Forest,E05013886,Endlebury,Female,4569,4353,216
E09000031,Waltham Forest,E05013886,Endlebury,Male,4365,4096,269
E09000031,Waltham Forest,E05013887,Forest,Female,8317,7245,1072
E09000031,Waltham Forest,E05013887,Forest,Male,8235,7476,759
E09000031,Waltham Forest,E05013888,Grove Green,Female,7532,7195,337
E09000031,Waltham Forest,E05013888,Grove Green,Male,7291,7486,-195
E09000031,Waltham Forest,E05013889,Hale End & Highams Park South,Female,4861,4283,578
E09000031,Waltham Forest,E05013889,Hale End & Highams Park South,Male,4578,3914,664
E09000031,Waltham Forest,E05013890,Hatch Lane & Highams Park North,Female,6932,6486,446
E09000031,Waltham Forest,E05013890,Hatch Lane & Highams Park North,Male,6270,5902,368
E09000031,Waltham Forest,E05013891,High Street,Female,5448,4509,939
E09000031,Waltham Forest,E05013891,High Street,Male,5334,5319,15
E09000031,Waltham Forest,E05013892,Higham Hill,Female,7309,5989,1320
E09000031,Waltham Forest,E05013892,Higham Hill,Male,6821,5795,1026
E09000031,Waltham Forest,E05013893,Hoe Street,Female,7303,6997,306
E09000031,Waltham Forest,E05013893,Hoe Street,Male,6932,6836,96
E09000031,Waltham Forest,E05013894,Larkswood,Female,6852,6015,837
E09000031,Waltham Forest,E05013894,Larkswood,Male,6545,5583,962
E09000031,Waltham Forest,E05013895,Lea Bridge,Female,7453,6728,725
E09000031,Waltham Forest,E05013895,Lea Bridge,Male,7653,6959,694
E09000031,Waltham Forest,E05013896,Leyton,Female,7068,6337,731
E09000031,Waltham Forest,E05013896,Leyton,Male,6720,6240,480
E09000031,Waltham Forest,E05013897,Leytonstone,Female,6275,6083,192
E09000031,Waltham Forest,E05013897,Leytonstone,Male,6070,6855,-785
E09000031,Waltham Forest,E05013898,Markhouse,Female,5080,4667,413
E09000031,Waltham Forest,E05013898,Markhouse,Male,5044,4757,287
E09000031,Waltham Forest,E05013899,St James,Female,6535,4804,1731
E09000031,Waltham Forest,E05013899,St James,Male,5975,4789,1186
E09000031,Waltham Forest,E05013900,Upper Walthamstow,Female,4318,3992,326
E09000031,Waltham Forest,E05013900,Upper Walthamstow,Male,4081,3922,159
E09000031,Waltham Forest,E05013901,Valley,Female,7290,6699,591
E09000031,Waltham Forest,E05013901,Valley,Male,7019,6257,762
E09000031,Waltham Forest,E05013902,William Morris,Female,7565,7049,516
E09000031,Waltham Forest,E05013902,William Morris,Male,7090,6872,218
E09000031,Waltham Forest,E05013903,Wood Street,Female,4889,4457,432
E09000031,Waltham Forest,E05013903,Wood Street,Male,4593,4220,373
E09000025,Newham,E05013904,Beckton,Female,7969,7554,415
E09000025,Newham,E05013904,Beckton,Male,7324,6950,374
E09000025,Newham,E05013905,Boleyn,Female,7689,6203,1486
E09000025,Newham,E05013905,Boleyn,Male,7891,6884,1007
E09000025,Newham,E05013906,Canning Town North,Female,5342,4461,881
E09000025,Newham,E05013906,Canning Town North,Male,5295,4345,950
E09000025,Newham,E05013907,Canning Town South,Female,3559,2615,944
E09000025,Newham,E05013907,Canning Town South,Male,3508,2605,903
E09000025,Newham,E05013908,Custom House,Female,9076,7826,1250
E09000025,Newham,E05013908,Custom House,Male,8650,7442,1208
E09000025,Newham,E05013909,East Ham,Female,7615,6538,1077
E09000025,Newham,E05013909,East Ham,Male,7422,8145,-723
E09000025,Newham,E05013910,East Ham South,Female,9146,8321,825
E09000025,Newham,E05013910,East Ham South,Male,8901,8172,729
E09000025,Newham,E05013911,Forest Gate North,Female,5468,5534,-66
E09000025,Newham,E05013911,Forest Gate North,Male,5336,5712,-376
E09000025,Newham,E05013912,Forest Gate South,Female,8675,8184,491
E09000025,Newham,E05013912,Forest Gate South,Male,8700,9289,-589
E09000025,Newham,E05013913,Green Street East,Female,8328,7111,1217
E09000025,Newham,E05013913,Green Street East,Male,8466,9105,-639
E09000025,Newham,E05013914,Green Street West,Female,7484,6806,678
E09000025,Newham,E05013914,Green Street West,Male,8408,8412,-4
E09000025,Newham,E05013915,Little Ilford,Female,9234,8381,853
E09000025,Newham,E05013915,Little Ilford,Male,8864,9028,-164
E09000025,Newham,E05013916,Manor Park,Female,7795,7367,428
E09000025,Newham,E05013916,Manor Park,Male,7967,8479,-512
E09000025,Newham,E05013917,Maryland,Female,6452,6101,351
E09000025,Newham,E05013917,Maryland,Male,6291,6436,-145
E09000025,Newham,E05013918,Plaistow North,Female,8873,7560,1313
E09000025,Newham,E05013918,Plaistow North,Male,8795,8375,420
E09000025,Newham,E05013919,Plaistow South,Female,6884,6558,326
E09000025,Newham,E05013919,Plaistow South,Male,6551,6589,-38
E09000025,Newham,E05013920,Plaistow West & Canning Town East,Female,8717,8012,705
E09000025,Newham,E05013920,Plaistow West & Canning Town East,Male,8163,8071,92
E09000025,Newham,E05013921,Plashet,Female,5485,4866,619
E09000025,Newham,E05013921,Plashet,Male,6129,5795,334
E09000025,Newham,E05013922,Royal Albert,Female,5261,4068,1193
E09000025,Newham,E05013922,Royal Albert,Male,4898,3934,964
E09000025,Newham,E05013923,Royal Victoria,Female,7199,2925,4274
E09000025,Newham,E05013923,Royal Victoria,Male,7343,3893,3450
E09000025,Newham,E05013924,Stratford,Female,7648,5539,2109
E09000025,Newham,E05013924,Stratford,Male,8095,6112,1983
E09000025,Newham,E05013925,Stratford Olympic Park,Female,5819,26,5793
E09000025,Newham,E05013925,Stratford Olympic Park,Male,6035,25,6010
E09000025,Newham,E05013926,Wall End,Female,8155,7509,646
E09000025,Newham,E05013926,Wall End,Male,8440,8571,-131
E09000025,Newham,E05013927,West Ham,Female,7866,7584,282
E09000025,Newham,E05013927,West Ham,Male,7840,7967,-127
E09000021,Kingston upon Thames,E05013928,Alexandra,Female,2982,2831,151
E09000021,Kingston upon Thames,E05013928,Alexandra,Male,2839,2783,56
E09000021,Kingston upon Thames,E05013929,Berrylands,Female,3231,3161,70
E09000021,Kingston upon Thames,E05013929,Berrylands,Male,3205,3179,26
E09000021,Kingston upon Thames,E05013930,Canbury Gardens,Female,4069,3382,687
E09000021,Kingston upon Thames,E05013930,Canbury Gardens,Male,3874,3341,533
E09000021,Kingston upon Thames,E05013931,Chessington South & Malden Rushett,Female,5076,4938,138
E09000021,Kingston upon Thames,E05013931,Chessington South & Malden Rushett,Male,4729,4645,84
E09000021,Kingston upon Thames,E05013932,Coombe Hill,Female,3954,3938,16
E09000021,Kingston upon Thames,E05013932,Coombe Hill,Male,3503,3610,-107
E09000021,Kingston upon Thames,E05013933,Coombe Vale,Female,5338,5275,63
E09000021,Kingston upon Thames,E05013933,Coombe Vale,Male,4985,4842,143
E09000021,Kingston upon Thames,E05013934,Green Lane & St James,Female,3563,3194,369
E09000021,Kingston upon Thames,E05013934,Green Lane & St James,Male,3256,3043,213
E09000021,Kingston upon Thames,E05013935,Hook & Chessington North,Female,5531,5289,242
E09000021,Kingston upon Thames,E05013935,Hook & Chessington North,Male,5211,4973,238
E09000021,Kingston upon Thames,E05013936,King George's & Sunray,Female,2984,2779,205
E09000021,Kingston upon Thames,E05013936,King George's & Sunray,Male,2796,2738,58
E09000021,Kingston upon Thames,E05013937,Kingston Gate,Female,5695,5520,175
E09000021,Kingston upon Thames,E05013937,Kingston Gate,Male,5277,5259,18
E09000021,Kingston upon Thames,E05013938,Kingston Town,Female,5472,4803,669
E09000021,Kingston upon Thames,E05013938,Kingston Town,Male,4880,4705,175
E09000021,Kingston upon Thames,E05013939,Motspur Park & Old Malden East,Female,3613,3522,91
E09000021,Kingston upon Thames,E05013939,Motspur Park & Old Malden East,Male,3410,3282,128
E09000021,Kingston upon Thames,E05013940,New Malden Village,Female,5195,4688,507
E09000021,Kingston upon Thames,E05013940,New Malden Village,Male,4713,4367,346
E09000021,Kingston upon Thames,E05013941,Norbiton,Female,5840,5136,704
E09000021,Kingston upon Thames,E05013941,Norbiton,Male,5271,4905,366
E09000021,Kingston upon Thames,E05013942,Old Malden,Female,3367,3327,40
E09000021,Kingston upon Thames,E05013942,Old Malden,Male,3278,3170,108
E09000021,Kingston upon Thames,E05013943,St Mark's & Seething Wells,Female,6126,6022,104
E09000021,Kingston upon Thames,E05013943,St Mark's & Seething Wells,Male,5687,5974,-287
E09000021,Kingston upon Thames,E05013944,Surbiton Hill,Female,5587,5217,370
E09000021,Kingston upon Thames,E05013944,Surbiton Hill,Male,5226,5089,137
E09000021,Kingston upon Thames,E05013945,Tolworth,Female,5708,5322,386
E09000021,Kingston upon Thames,E05013945,Tolworth,Male,5370,4921,449
E09000021,Kingston upon Thames,E05013946,Tudor,Female,3722,3613,109
E09000021,Kingston upon Thames,E05013946,Tudor,Male,3472,3278,194
E09000016,Havering,E05013967,Beam Park,Female,2703,1866,837
E09000016,Havering,E05013967,Beam Park,Male,2537,1947,590
E09000016,Havering,E05013968,Cranham,Female,6789,6593,196
E09000016,Havering,E05013968,Cranham,Male,6176,5915,261
E09000016,Havering,E05013969,Elm Park,Female,8519,7981,538
E09000016,Havering,E05013969,Elm Park,Male,7915,7336,579
E09000016,Havering,E05013970,Emerson Park,Female,4666,4616,50
E09000016,Havering,E05013970,Emerson Park,Male,4530,4407,123
E09000016,Havering,E05013971,Gooshays,Female,8999,7764,1235
E09000016,Havering,E05013971,Gooshays,Male,8392,7132,1260
E09000016,Havering,E05013972,Hacton,Female,4679,4540,139
E09000016,Havering,E05013972,Hacton,Male,4409,4227,182
E09000016,Havering,E05013973,Harold Wood,Female,7212,5930,1282
E09000016,Havering,E05013973,Harold Wood,Male,6740,5517,1223
E09000016,Havering,E05013974,Havering-atte-Bower,Female,8554,7800,754
E09000016,Havering,E05013974,Havering-atte-Bower,Male,7735,6991,744
E09000016,Havering,E05013975,Heaton,Female,9144,7719,1425
E09000016,Havering,E05013975,Heaton,Male,8458,7029,1429
E09000016,Havering,E05013976,Hylands & Harrow Lodge,Female,7358,6856,502
E09000016,Havering,E05013976,Hylands & Harrow Lodge,Male,6835,6450,385
E09000016,Havering,E05013977,Marshalls & Rise Park,Female,6629,6435,194
E09000016,Havering,E05013977,Marshalls & Rise Park,Male,6440,6074,366
E09000016,Havering,E05013978,Mawneys,Female,7570,6975,595
E09000016,Havering,E05013978,Mawneys,Male,6955,6378,577
E09000016,Havering,E05013979,Rainham & Wennington,Female,7038,6479,559
E09000016,Havering,E05013979,Rainham & Wennington,Male,6533,6034,499
E09000016,Havering,E05013980,Rush Green & Crowlands,Female,8237,6079,2158
E09000016,Havering,E05013980,Rush Green & Crowlands,Male,7565,5785,1780
E09000016,Havering,E05013981,St Alban's,Female,4258,3715,543
E09000016,Havering,E05013981,St Alban's,Male,3986,3441,545
E09000016,Havering,E05013982,St Andrew's,Female,7384,7307,77
E09000016,Havering,E05013982,St Andrew's,Male,6872,6671,201
E09000016,Havering,E05013983,St Edward's,Female,5570,5029,541
E09000016,Havering,E05013983,St Edward's,Male,5086,4722,364
E09000016,Havering,E05013984,South Hornchurch,Female,5345,4980,365
E09000016,Havering,E05013984,South Hornchurch,Male,5188,4719,469
E09000016,Havering,E05013985,Squirrels Heath,Female,8094,7725,369
E09000016,Havering,E05013985,Squirrels Heath,Male,7610,7236,374
E09000016,Havering,E05013986,Upminster,Female,6916,6634,282
E09000016,Havering,E05013986,Upminster,Male,6425,6199,226
E09000006,Bromley,E05013987,Beckenham Town & Copers Cope,Female,8363,7349,1014
E09000006,Bromley,E05013987,Beckenham Town & Copers Cope,Male,7692,6991,701
E09000006,Bromley,E05013988,Bickley & Sundridge,Female,9397,8919,478
E09000006,Bromley,E05013988,Bickley & Sundridge,Male,8418,8029,389
E09000006,Bromley,E05013989,Biggin Hill,Female,5630,5425,205
E09000006,Bromley,E05013989,Biggin Hill,Male,5289,5206,83
E09000006,Bromley,E05013990,Bromley Common & Holwood,Female,9839,8503,1336
E09000006,Bromley,E05013990,Bromley Common & Holwood,Male,9119,7939,1180
E09000006,Bromley,E05013991,Bromley Town,Female,8120,6927,1193
E09000006,Bromley,E05013991,Bromley Town,Male,7706,6520,1186
E09000006,Bromley,E05013992,Chelsfield,Female,5923,5764,159
E09000006,Bromley,E05013992,Chelsfield,Male,5597,5512,85
E09000006,Bromley,E05013993,Chislehurst,Female,8013,7393,620
E09000006,Bromley,E05013993,Chislehurst,Male,7529,6841,688
E09000006,Bromley,E05013994,Clock House,Female,8925,8428,497
E09000006,Bromley,E05013994,Clock House,Male,8193,7870,323
E09000006,Bromley,E05013995,Crystal Palace & Anerley,Female,6376,5344,1032
E09000006,Bromley,E05013995,Crystal Palace & Anerley,Male,5697,5196,501
E09000006,Bromley,E05013996,Darwin,Female,2791,2662,129
E09000006,Bromley,E05013996,Darwin,Male,2713,2593,120
E09000006,Bromley,E05013997,Farnborough & Crofton,Female,9303,8850,453
E09000006,Bromley,E05013997,Farnborough & Crofton,Male,8478,8016,462
E09000006,Bromley,E05013998,Hayes & Coney Hall,Female,8093,7801,292
E09000006,Bromley,E05013998,Hayes & Coney Hall,Male,7677,7334,343
E09000006,Bromley,E05013999,Kelsey & Eden Park,Female,8011,7935,76
E09000006,Bromley,E05013999,Kelsey & Eden Park,Male,7457,7128,329
E09000006,Bromley,E05014000,Mottingham,Female,6134,5671,463
E09000006,Bromley,E05014000,Mottingham,Male,5378,4913,465
E09000006,Bromley,E05014001,Orpington,Female,6386,5929,457
E09000006,Bromley,E05014001,Orpington,Male,5883,5488,395
E09000006,Bromley,E05014002,Penge & Cator,Female,10059,9523,536
E09000006,Bromley,E05014002,Penge & Cator,Male,9030,8781,249
E09000006,Bromley,E05014003,Petts Wood & Knoll,Female,8659,8571,88
E09000006,Bromley,E05014003,Petts Wood & Knoll,Male,8201,7940,261
E09000006,Bromley,E05014004,Plaistow,Female,6774,6368,406
E09000006,Bromley,E05014004,Plaistow,Male,6055,5830,225
E09000006,Bromley,E05014005,Shortlands & Park Langley,Female,8564,8251,313
E09000006,Bromley,E05014005,Shortlands & Park Langley,Male,8116,7687,429
E09000006,Bromley,E05014006,St Mary Cray,Female,9834,9232,602
E09000006,Bromley,E05014006,St Mary Cray,Male,8823,8450,373
E09000006,Bromley,E05014007,St Paul's Cray,Female,8942,8436,506
E09000006,Bromley,E05014007,St Paul's Cray,Male,8029,7324,705
E09000006,Bromley,E05014008,West Wickham,Female,7567,7523,44
E09000006,Bromley,E05014008,West Wickham,Male,7201,7000,201
E09000032,Wandsworth,E05014009,Balham,Female,9154,8743,411
E09000032,Wandsworth,E05014009,Balham,Male,8320,8390,-70
E09000032,Wandsworth,E05014010,Battersea Park,Female,9988,9332,656
E09000032,Wandsworth,E05014010,Battersea Park,Male,8961,8940,21
E09000032,Wandsworth,E05014011,East Putney,Female,8983,8309,674
E09000032,Wandsworth,E05014011,East Putney,Male,8179,7702,477
E09000032,Wandsworth,E05014012,Falconbrook,Female,6422,5844,578
E09000032,Wandsworth,E05014012,Falconbrook,Male,5633,5162,471
E09000032,Wandsworth,E05014013,Furzedown,Female,9271,8884,387
E09000032,Wandsworth,E05014013,Furzedown,Male,8478,8290,188
E09000032,Wandsworth,E05014014,Lavender,Female,6519,6209,310
E09000032,Wandsworth,E05014014,Lavender,Male,6057,6051,6
E09000032,Wandsworth,E05014015,Nine Elms,Female,2736,171,2565
E09000032,Wandsworth,E05014015,Nine Elms,Male,2730,220,2510
E09000032,Wandsworth,E05014016,Northcote,Female,6887,6448,439
E09000032,Wandsworth,E05014016,Northcote,Male,6453,6271,182
E09000032,Wandsworth,E05014017,Roehampton,Female,10230,9601,629
E09000032,Wandsworth,E05014017,Roehampton,Male,8911,8084,827
E09000032,Wandsworth,E05014018,St Mary's,Female,7470,5714,1756
E09000032,Wandsworth,E05014018,St Mary's,Male,6825,5911,914
E09000032,Wandsworth,E05014019,Shaftesbury & Queenstown,Female,8375,7755,620
E09000032,Wandsworth,E05014019,Shaftesbury & Queenstown,Male,7396,6951,445
E09000032,Wandsworth,E05014020,South Balham,Female,5368,5300,68
E09000032,Wandsworth,E05014020,South Balham,Male,4747,5038,-291
E09000032,Wandsworth,E05014021,Southfields,Female,6661,6183,478
E09000032,Wandsworth,E05014021,Southfields,Male,5885,5663,222
E09000032,Wandsworth,E05014022,Thamesfield,Female,8506,7520,986
E09000032,Wandsworth,E05014022,Thamesfield,Male,7814,6929,885
E09000032,Wandsworth,E05014023,Tooting Bec,Female,9143,9035,108
E09000032,Wandsworth,E05014023,Tooting Bec,Male,7858,8396,-538
E09000032,Wandsworth,E05014024,Tooting Broadway,Female,9163,8796,367
E09000032,Wandsworth,E05014024,Tooting Broadway,Male,8148,8329,-181
E09000032,Wandsworth,E05014025,Trinity,Female,5763,5614,149
E09000032,Wandsworth,E05014025,Trinity,Male,5142,5298,-156
E09000032,Wandsworth,E05014026,Wandle,Female,5757,5332,425
E09000032,Wandsworth,E05014026,Wandle,Male,5134,5095,39
E09000032,Wandsworth,E05014027,Wandsworth Common,Female,8490,8135,355
E09000032,Wandsworth,E05014027,Wandsworth Common,Male,8115,8388,-273
E09000032,Wandsworth,E05014028,Wandsworth Town,Female,9436,8226,1210
E09000032,Wandsworth,E05014028,Wandsworth Town,Male,8636,7917,719
E09000032,Wandsworth,E05014029,West Hill,Female,8847,8555,292
E09000032,Wandsworth,E05014029,West Hill,Male,7967,7847,120
E09000032,Wandsworth,E05014030,West Putney,Female,9082,8643,439
E09000032,Wandsworth,E05014030,West Putney,Male,7867,7774,93
E09000002,Barking and Dagenham,E05014053,Abbey,Female,1945,1538,407
E09000002,Barking and Dagenham,E05014053,Abbey,Male,2020,1788,232
E09000002,Barking and Dagenham,E05014054,Alibon,Female,5130,4603,527
E09000002,Barking and Dagenham,E05014054,Alibon,Male,4760,4323,437
E09000002,Barking and Dagenham,E05014055,Barking Riverside,Female,5222,2993,2229
E09000002,Barking and Dagenham,E05014055,Barking Riverside,Male,4838,2801,2037
E09000002,Barking and Dagenham,E05014056,Beam,Female,4295,3970,325
E09000002,Barking and Dagenham,E05014056,Beam,Male,4060,3684,376
E09000002,Barking and Dagenham,E05014057,Becontree,Female,4972,4379,593
E09000002,Barking and Dagenham,E05014057,Becontree,Male,4818,4177,641
E09000002,Barking and Dagenham,E05014058,Chadwell Heath,Female,7205,6053,1152
E09000002,Barking and Dagenham,E05014058,Chadwell Heath,Male,6622,5502,1120
E09000002,Barking and Dagenham,E05014059,Eastbrook & Rush Green,Female,4485,4194,291
E09000002,Barking and Dagenham,E05014059,Eastbrook & Rush Green,Male,4260,3824,436
E09000002,Barking and Dagenham,E05014060,Eastbury,Female,8029,7466,563
E09000002,Barking and Dagenham,E05014060,Eastbury,Male,7700,7146,554
E09000002,Barking and Dagenham,E05014061,Gascoigne,Female,5473,5625,-152
E09000002,Barking and Dagenham,E05014061,Gascoigne,Male,5241,5641,-400
E09000002,Barking and Dagenham,E05014062,Goresbrook,Female,7170,6526,644
E09000002,Barking and Dagenham,E05014062,Goresbrook,Male,6523,5892,631
E09000002,Barking and Dagenham,E05014063,Heath,Female,4775,4247,528
E09000002,Barking and Dagenham,E05014063,Heath,Male,4344,3703,641
E09000002,Barking and Dagenham,E05014064,Longbridge,Female,6608,5862,746
E09000002,Barking and Dagenham,E05014064,Longbridge,Male,6686,5616,1070
E09000002,Barking and Dagenham,E05014065,Mayesbrook,Female,8008,5691,2317
E09000002,Barking and Dagenham,E05014065,Mayesbrook,Male,7611,5294,2317
E09000002,Barking and Dagenham,E05014066,Northbury,Female,6561,4989,1572
E09000002,Barking and Dagenham,E05014066,Northbury,Male,6626,5658,968
E09000002,Barking and Dagenham,E05014067,Parsloes,Female,7767,7052,715
E09000002,Barking and Dagenham,E05014067,Parsloes,Male,7398,6344,1054
E09000002,Barking and Dagenham,E05014068,Thames View,Female,2877,1935,942
E09000002,Barking and Dagenham,E05014068,Thames View,Male,2772,1926,846
E09000002,Barking and Dagenham,E05014069,Valence,Female,7940,7092,848
E09000002,Barking and Dagenham,E05014069,Valence,Male,7302,6314,988
E09000002,Barking and Dagenham,E05014070,Village,Female,6578,5969,609
E09000002,Barking and Dagenham,E05014070,Village,Male,6070,5567,503
E09000002,Barking and Dagenham,E05014071,Whalebone,Female,7249,5489,1760
E09000002,Barking and Dagenham,E05014071,Whalebone,Male,6949,5038,1911
E09000011,Greenwich,E05014072,Abbey Wood,Female,8898,8402,496
E09000011,Greenwich,E05014072,Abbey Wood,Male,8523,7749,774
E09000011,Greenwich,E05014073,Blackheath Westcombe,Female,7823,7703,120
E09000011,Greenwich,E05014073,Blackheath Westcombe,Male,7142,7396,-254
E09000011,Greenwich,E05014074,Charlton Hornfair,Female,6471,5828,643
E09000011,Greenwich,E05014074,Charlton Hornfair,Male,6080,5342,738
E09000011,Greenwich,E05014075,Charlton Village & Riverside,Female,5277,4992,285
E09000011,Greenwich,E05014075,Charlton Village & Riverside,Male,5022,4785,237
E09000011,Greenwich,E05014076,East Greenwich,Female,7376,4801,2575
E09000011,Greenwich,E05014076,East Greenwich,Male,7048,4700,2348
E09000011,Greenwich,E05014077,Eltham Page,Female,5135,4442,693
E09000011,Greenwich,E05014077,Eltham Page,Male,4812,4223,589
E09000011,Greenwich,E05014078,Eltham Park & Progress,Female,5454,5262,192
E09000011,Greenwich,E05014078,Eltham Park & Progress,Male,4991,4981,10
E09000011,Greenwich,E05014079,Eltham Town & Avery Hill,Female,8171,7715,456
E09000011,Greenwich,E05014079,Eltham Town & Avery Hill,Male,7361,7120,241
E09000011,Greenwich,E05014080,Greenwich Creekside,Female,5860,3922,1938
E09000011,Greenwich,E05014080,Greenwich Creekside,Male,5353,3772,1581
E09000011,Greenwich,E05014081,Greenwich Park,Female,5344,4416,928
E09000011,Greenwich,E05014081,Greenwich Park,Male,5009,4417,592
E09000011,Greenwich,E05014082,Greenwich Peninsula,Female,5804,2102,3702
E09000011,Greenwich,E05014082,Greenwich Peninsula,Male,5677,2186,3491
E09000011,Greenwich,E05014083,Kidbrooke Park,Female,5239,5029,210
E09000011,Greenwich,E05014083,Kidbrooke Park,Male,4914,4812,102
E09000011,Greenwich,E05014084,Kidbrooke Village & Sutcliffe,Female,3130,1371,1759
E09000011,Greenwich,E05014084,Kidbrooke Village & Sutcliffe,Male,2811,1291,1520
E09000011,Greenwich,E05014085,Middle Park & Horn Park,Female,5182,4802,380
E09000011,Greenwich,E05014085,Middle Park & Horn Park,Male,4567,4413,154
E09000011,Greenwich,E05014086,"Mottingham, Coldharbour & New Eltham",Female,7375,7092,283
E09000011,Greenwich,E05014086,"Mottingham, Coldharbour & New Eltham",Male,7137,6940,197
E09000011,Greenwich,E05014087,Plumstead & Glyndon,Female,11054,10029,1025
E09000011,Greenwich,E05014087,Plumstead & Glyndon,Male,10727,10590,137
E09000011,Greenwich,E05014088,Plumstead Common,Female,8164,7312,852
E09000011,Greenwich,E05014088,Plumstead Common,Male,7458,7402,56
E09000011,Greenwich,E05014089,Shooters Hill,Female,6101,5622,479
E09000011,Greenwich,E05014089,Shooters Hill,Male,5777,5530,247
E09000011,Greenwich,E05014090,Thamesmead Moorings,Female,6416,6385,31
E09000011,Greenwich,E05014090,Thamesmead Moorings,Male,5976,6113,-137
E09000011,Greenwich,E05014091,West Thamesmead,Female,5449,5102,347
E09000011,Greenwich,E05014091,West Thamesmead,Male,6352,5786,566
E09000011,Greenwich,E05014092,Woolwich Arsenal,Female,6196,3846,2350
E09000011,Greenwich,E05014092,Woolwich Arsenal,Male,6025,4139,1886
E09000011,Greenwich,E05014093,Woolwich Common,Female,6825,5926,899
E09000011,Greenwich,E05014093,Woolwich Common,Male,6244,6285,-41
E09000011,Greenwich,E05014094,Woolwich Dockyard,Female,5874,6231,-357
E09000011,Greenwich,E05014094,Woolwich Dockyard,Male,5510,6253,-743
E09000022,Lambeth,E05014095,Brixton Acre Lane,Female,7577,7414,163
E09000022,Lambeth,E05014095,Brixton Acre Lane,Male,7689,7529,160
E09000022,Lambeth,E05014096,Brixton North,Female,8359,7566,793
E09000022,Lambeth,E05014096,Brixton North,Male,7851,7564,287
E09000022,Lambeth,E05014097,Brixton Rush Common,Female,7737,7566,171
E09000022,Lambeth,E05014097,Brixton Rush Common,Male,6874,7405,-531
E09000022,Lambeth,E05014098,Brixton Windrush,Female,5112,4348,764
E09000022,Lambeth,E05014098,Brixton Windrush,Male,4786,4407,379
E09000022,Lambeth,E05014099,Clapham Common & Abbeville,Female,5212,5013,199
E09000022,Lambeth,E05014099,Clapham Common & Abbeville,Male,4850,5077,-227
E09000022,Lambeth,E05014100,Clapham East,Female,5255,5078,177
E09000022,Lambeth,E05014100,Clapham East,Male,4674,4990,-316
E09000022,Lambeth,E05014101,Clapham Park,Female,6795,6562,233
E09000022,Lambeth,E05014101,Clapham Park,Male,6425,6294,131
E09000022,Lambeth,E05014102,Clapham Town,Female,7926,7647,279
E09000022,Lambeth,E05014102,Clapham Town,Male,7580,7653,-73
E09000022,Lambeth,E05014103,Gipsy Hill,Female,5722,5431,291
E09000022,Lambeth,E05014103,Gipsy Hill,Male,5004,4777,227
E09000022,Lambeth,E05014104,Herne Hill & Loughborough Junction,Female,8359,7746,613
E09000022,Lambeth,E05014104,Herne Hill & Loughborough Junction,Male,7614,7456,158
E09000022,Lambeth,E05014105,Kennington,Female,7593,6927,666
E09000022,Lambeth,E05014105,Kennington,Male,7448,7298,150
E09000022,Lambeth,E05014106,Knight's Hill,Female,8758,8629,129
E09000022,Lambeth,E05014106,Knight's Hill,Male,7766,7921,-155
E09000022,Lambeth,E05014107,Myatt's Fields,Female,5689,5029,660
E09000022,Lambeth,E05014107,Myatt's Fields,Male,5392,4892,500
E09000022,Lambeth,E05014108,Oval,Female,5944,5873,71
E09000022,Lambeth,E05014108,Oval,Male,6228,6690,-462
E09000022,Lambeth,E05014109,St Martin's,Female,5563,5236,327
E09000022,Lambeth,E05014109,St Martin's,Male,4817,4974,-157
E09000022,Lambeth,E05014110,Stockwell East,Female,5284,4613,671
E09000022,Lambeth,E05014110,Stockwell East,Male,5088,4935,153
E09000022,Lambeth,E05014111,Stockwell West & Larkhall,Female,8425,7574,851
E09000022,Lambeth,E05014111,Stockwell West & Larkhall,Male,8148,7891,257
E09000022,Lambeth,E05014112,Streatham Common & Vale,Female,8911,8427,484
E09000022,Lambeth,E05014112,Streatham Common & Vale,Male,8432,8313,119
E09000022,Lambeth,E05014113,Streatham Hill East,Female,5297,5119,178
E09000022,Lambeth,E05014113,Streatham Hill East,Male,4920,4782,138
E09000022,Lambeth,E05014114,Streatham Hill West & Thornton,Female,5541,5114,427
E09000022,Lambeth,E05014114,Streatham Hill West & Thornton,Male,5050,4633,417
E09000022,Lambeth,E05014115,Streatham St Leonard's,Female,8235,7492,743
E09000022,Lambeth,E05014115,Streatham St Leonard's,Male,7803,7309,494
E09000022,Lambeth,E05014116,Streatham Wells,Female,5132,4912,220
E09000022,Lambeth,E05014116,Streatham Wells,Male,4739,4725,14
E09000022,Lambeth,E05014117,Vauxhall,Female,4690,3078,1612
E09000022,Lambeth,E05014117,Vauxhall,Male,4948,3557,1391
E09000022,Lambeth,E05014118,Waterloo & South Bank,Female,4529,3940,589
E09000022,Lambeth,E05014118,Waterloo & South Bank,Male,4352,4383,-31
E09000022,Lambeth,E05014119,West Dulwich,Female,6074,5829,245
E09000022,Lambeth,E05014119,West Dulwich,Male,5463,5464,-1
E09000001,City of London,E09000001,City of London,Female,3862,3284,578
E09000001,City of London,E09000001,City of London,Male,4717,4091,626
