lad22cd,lad22nm,ward22cd,ward22nm,category,count_21
E09000030,Tower Hamlets,E05009317,Bethnal Green,Female,10806
E09000030,Tower Hamlets,E05009317,Bethnal Green,Male,10423
E09000030,Tower Hamlets,E05009318,Blackwall & Cubitt Town,Female,10605
E09000030,Tower Hamlets,E05009318,Blackwall & Cubitt Town,Male,11229
E09000030,Tower Hamlets,E05009319,Bow East,Female,10004
E09000030,Tower Hamlets,E05009319,Bow East,Male,9526
E09000030,Tower Hamlets,E05009320,Bow West,Female,6914
E09000030,Tower Hamlets,E05009320,Bow West,Male,6794
E09000030,Tower Hamlets,E05009321,Bromley North,Female,5624
E09000030,Tower Hamlets,E05009321,Bromley North,Male,5805
E09000030,Tower Hamlets,E05009322,Bromley South,Female,7300
E09000030,Tower Hamlets,E05009322,Bromley South,Male,6932
E09000030,Tower Hamlets,E05009323,Canary Wharf,Female,8925
E09000030,Tower Hamlets,E05009323,Canary Wharf,Male,8995
E09000030,Tower Hamlets,E05009324,Island Gardens,Female,7544
E09000030,Tower Hamlets,E05009324,Island Gardens,Male,7358
E09000030,Tower Hamlets,E05009325,Lansbury,Female,10839
E09000030,Tower Hamlets,E05009325,Lansbury,Male,10895
E09000030,Tower Hamlets,E05009326,Limehouse,Female,3067
E09000030,Tower Hamlets,E05009326,Limehouse,Male,3684
E09000030,Tower Hamlets,E05009327,Mile End,Female,10726
E09000030,Tower Hamlets,E05009327,Mile End,Male,11069
E09000030,Tower Hamlets,E05009328,Poplar,Female,3930
E09000030,Tower Hamlets,E05009328,Poplar,Male,4026
E09000030,Tower Hamlets,E05009329,St Dunstan's,Female,7338
E09000030,Tower Hamlets,E05009329,St Dunstan's,Male,7026
E09000030,Tower Hamlets,E05009330,St Katharine's & Wapping,Female,5748
E09000030,Tower Hamlets,E05009330,St Katharine's & Wapping,Male,6319
E09000030,Tower Hamlets,E05009331,St Peter's,Female,10117
E09000030,Tower Hamlets,E05009331,St Peter's,Male,9853
E09000030,Tower Hamlets,E05009332,Shadwell,Female,6431
E09000030,Tower Hamlets,E05009332,Shadwell,Male,6548
E09000030,Tower Hamlets,E05009333,Spitalfields & Banglatown,Female,6390
E09000030,Tower Hamlets,E05009333,Spitalfields & Banglatown,Male,6829
E09000030,Tower Hamlets,E05009334,Stepney Green,Female,6184
E09000030,Tower Hamlets,E05009334,Stepney Green,Male,6267
E09000030,Tower Hamlets,E05009335,Weavers,Female,6657
E09000030,Tower Hamlets,E05009335,Weavers,Male,6611
E09000030,Tower Hamlets,E05009336,Whitechapel,Female,9278
E09000030,Tower Hamlets,E05009336,Whitechapel,Male,9703
E09000012,Hackney,E05009367,Brownswood,Female,4705
E09000012,Hackney,E05009367,Brownswood,Male,4283
E09000012,Hackney,E05009368,Cazenove,Female,7880
E09000012,Hackney,E05009368,Cazenove,Male,7331
E09000012,Hackney,E05009369,Clissold,Female,6676
E09000012,Hackney,E05009369,Clissold,Male,5821
E09000012,Hackney,E05009370,Dalston,Female,4545
E09000012,Hackney,E05009370,Dalston,Male,4467
E09000012,Hackney,E05009371,De Beauvoir,Female,4663
E09000012,Hackney,E05009371,De Beauvoir,Male,4362
E09000012,Hackney,E05009372,Hackney Central,Female,6797
E09000012,Hackney,E05009372,Hackney Central,Male,6095
E09000012,Hackney,E05009373,Hackney Downs,Female,6851
E09000012,Hackney,E05009373,Hackney Downs,Male,6146
E09000012,Hackney,E05009374,Hackney Wick,Female,6383
E09000012,Hackney,E05009374,Hackney Wick,Male,5974
E09000012,Hackney,E05009375,Haggerston,Female,7487
E09000012,Hackney,E05009375,Haggerston,Male,6949
E09000012,Hackney,E05009376,Homerton,Female,7064
E09000012,Hackney,E05009376,Homerton,Male,6137
E09000012,Hackney,E05009377,Hoxton East & Shoreditch,Female,6187
E09000012,Hackney,E05009377,Hoxton East & Shoreditch,Male,5902
E09000012,Hackney,E05009378,Hoxton West,Female,7125
E09000012,Hackney,E05009378,Hoxton West,Male,6678
E09000012,Hackney,E05009379,King's Park,Female,7031
E09000012,Hackney,E05009379,King's Park,Male,6252
E09000012,Hackney,E05009380,Lea Bridge,Female,7599
E09000012,Hackney,E05009380,Lea Bridge,Male,6854
E09000012,Hackney,E05009381,London Fields,Female,6367
E09000012,Hackney,E05009381,London Fields,Male,5942
E09000012,Hackney,E05009382,Shacklewell,Female,4567
E09000012,Hackney,E05009382,Shacklewell,Male,4203
E09000012,Hackney,E05009383,Springfield,Female,8032
E09000012,Hackney,E05009383,Springfield,Male,7311
E09000012,Hackney,E05009384,Stamford Hill West,Female,5293
E09000012,Hackney,E05009384,Stamford Hill West,Male,5021
E09000012,Hackney,E05009385,Stoke Newington,Female,7165
E09000012,Hackney,E05009385,Stoke Newington,Male,6408
E09000012,Hackney,E05009386,Victoria,Female,6492
E09000012,Hackney,E05009386,Victoria,Male,5740
E09000012,Hackney,E05009387,Woodberry Down,Female,6385
E09000012,Hackney,E05009387,Woodberry Down,Male,5942
E09000020,Kensington and Chelsea,E05009388,Abingdon,Female,4346
E09000020,Kensington and Chelsea,E05009388,Abingdon,Male,3819
E09000020,Kensington and Chelsea,E05009389,Brompton & Hans Town,Female,4347
E09000020,Kensington and Chelsea,E05009389,Brompton & Hans Town,Male,3778
E09000020,Kensington and Chelsea,E05009390,Campden,Female,4422
E09000020,Kensington and Chelsea,E05009390,Campden,Male,4037
E09000020,Kensington and Chelsea,E05009391,Chelsea Riverside,Female,4078
E09000020,Kensington and Chelsea,E05009391,Chelsea Riverside,Male,3395
E09000020,Kensington and Chelsea,E05009392,Colville,Female,4543
E09000020,Kensington and Chelsea,E05009392,Colville,Male,4025
E09000020,Kensington and Chelsea,E05009393,Courtfield,Female,4243
E09000020,Kensington and Chelsea,E05009393,Courtfield,Male,3992
E09000020,Kensington and Chelsea,E05009394,Dalgarno,Female,3720
E09000020,Kensington and Chelsea,E05009394,Dalgarno,Male,3285
E09000020,Kensington and Chelsea,E05009395,Earl's Court,Female,4594
E09000020,Kensington and Chelsea,E05009395,Earl's Court,Male,4349
E09000020,Kensington and Chelsea,E05009396,Golborne,Female,4614
E09000020,Kensington and Chelsea,E05009396,Golborne,Male,4268
E09000020,Kensington and Chelsea,E05009397,Holland,Female,5076
E09000020,Kensington and Chelsea,E05009397,Holland,Male,4183
E09000020,Kensington and Chelsea,E05009398,Norland,Female,2927
E09000020,Kensington and Chelsea,E05009398,Norland,Male,2534
E09000020,Kensington and Chelsea,E05009399,Notting Dale,Female,4835
E09000020,Kensington and Chelsea,E05009399,Notting Dale,Male,4571
E09000020,Kensington and Chelsea,E05009400,Pembridge,Female,2958
E09000020,Kensington and Chelsea,E05009400,Pembridge,Male,2397
E09000020,Kensington and Chelsea,E05009401,Queen's Gate,Female,4034
E09000020,Kensington and Chelsea,E05009401,Queen's Gate,Male,3600
E09000020,Kensington and Chelsea,E05009402,Redcliffe,Female,4722
E09000020,Kensington and Chelsea,E05009402,Redcliffe,Male,4457
E09000020,Kensington and Chelsea,E05009403,Royal Hospital,Female,4691
E09000020,Kensington and Chelsea,E05009403,Royal Hospital,Male,3711
E09000020,Kensington and Chelsea,E05009404,St Helen's,Female,3370
E09000020,Kensington and Chelsea,E05009404,St Helen's,Male,2914
E09000020,Kensington and Chelsea,E05009405,Stanley,Female,4802
E09000020,Kensington and Chelsea,E05009405,Stanley,Male,3740
E09000028,Southwark,E05011095,Borough & Bankside,Female,4677
E09000028,Southwark,E05011095,Borough & Bankside,Male,4654
E09000028,Southwark,E05011096,Camberwell Green,Female,7868
E09000028,Southwark,E05011096,Camberwell Green,Male,7372
E09000028,Southwark,E05011097,Champion Hill,Female,4967
E09000028,Southwark,E05011097,Champion Hill,Male,4482
E09000028,Southwark,E05011098,Chaucer,Female,7728
E09000028,Southwark,E05011098,Chaucer,Male,7287
E09000028,Southwark,E05011099,Dulwich Hill,Female,5126
E09000028,Southwark,E05011099,Dulwich Hill,Male,4580
E09000028,Southwark,E05011100,Dulwich Village,Female,5194
E09000028,Southwark,E05011100,Dulwich Village,Male,4894
E09000028,Southwark,E05011101,Dulwich Wood,Female,5324
E09000028,Southwark,E05011101,Dulwich Wood,Male,4961
E09000028,Southwark,E05011102,Faraday,Female,6636
E09000028,Southwark,E05011102,Faraday,Male,5842
E09000028,Southwark,E05011103,Goose Green,Female,7174
E09000028,Southwark,E05011103,Goose Green,Male,6551
E09000028,Southwark,E05011104,London Bridge & West Bermondsey,Female,7539
E09000028,Southwark,E05011104,London Bridge & West Bermondsey,Male,7347
E09000028,Southwark,E05011105,Newington,Female,7102
E09000028,Southwark,E05011105,Newington,Male,6731
E09000028,Southwark,E05011106,North Bermondsey,Female,7783
E09000028,Southwark,E05011106,North Bermondsey,Male,7720
E09000028,Southwark,E05011107,North Walworth,Female,7961
E09000028,Southwark,E05011107,North Walworth,Male,7685
E09000028,Southwark,E05011108,Nunhead & Queen's Road,Female,8387
E09000028,Southwark,E05011108,Nunhead & Queen's Road,Male,7210
E09000028,Southwark,E05011109,Old Kent Road,Female,9640
E09000028,Southwark,E05011109,Old Kent Road,Male,8957
E09000028,Southwark,E05011110,Peckham,Female,7760
E09000028,Southwark,E05011110,Peckham,Male,6994
E09000028,Southwark,E05011111,Peckham Rye,Female,5348
E09000028,Southwark,E05011111,Peckham Rye,Male,4832
E09000028,Southwark,E05011112,Rotherhithe,Female,7802
E09000028,Southwark,E05011112,Rotherhithe,Male,7593
E09000028,Southwark,E05011113,Rye Lane,Female,7547
E09000028,Southwark,E05011113,Rye Lane,Male,6723
E09000028,Southwark,E05011114,St George's,Female,4081
E09000028,Southwark,E05011114,St George's,Male,4066
E09000028,Southwark,E05011115,St Giles,Female,8484
E09000028,Southwark,E05011115,St Giles,Male,7946
E09000028,Southwark,E05011116,South Bermondsey,Female,8112
E09000028,Southwark,E05011116,South Bermondsey,Male,7818
E09000028,Southwark,E05011117,Surrey Docks,Female,6392
E09000028,Southwark,E05011117,Surrey Docks,Male,6748
E09000004,Bexley,E05011217,Barnehurst,Female,6099
E09000004,Bexley,E05011217,Barnehurst,Male,5618
E09000004,Bexley,E05011218,Belvedere,Female,9016
E09000004,Bexley,E05011218,Belvedere,Male,8545
E09000004,Bexley,E05011219,Bexleyheath,Female,8325
E09000004,Bexley,E05011219,Bexleyheath,Male,7583
E09000004,Bexley,E05011220,Blackfen & Lamorbey,Female,8315
E09000004,Bexley,E05011220,Blackfen & Lamorbey,Male,7811
E09000004,Bexley,E05011221,Blendon & Penhill,Female,8056
E09000004,Bexley,E05011221,Blendon & Penhill,Male,7517
E09000004,Bexley,E05011222,Crayford,Female,8201
E09000004,Bexley,E05011222,Crayford,Male,7744
E09000004,Bexley,E05011223,Crook Log,Female,8264
E09000004,Bexley,E05011223,Crook Log,Male,7624
E09000004,Bexley,E05011224,East Wickham,Female,8361
E09000004,Bexley,E05011224,East Wickham,Male,7833
E09000004,Bexley,E05011225,Erith,Female,6775
E09000004,Bexley,E05011225,Erith,Male,6052
E09000004,Bexley,E05011226,Falconwood & Welling,Female,8514
E09000004,Bexley,E05011226,Falconwood & Welling,Male,8079
E09000004,Bexley,E05011227,Longlands,Female,5194
E09000004,Bexley,E05011227,Longlands,Male,4838
E09000004,Bexley,E05011228,Northumberland Heath,Female,5713
E09000004,Bexley,E05011228,Northumberland Heath,Male,5341
E09000004,Bexley,E05011229,St Mary's & St James,Female,5618
E09000004,Bexley,E05011229,St Mary's & St James,Male,5233
E09000004,Bexley,E05011230,Sidcup,Female,8400
E09000004,Bexley,E05011230,Sidcup,Male,7325
E09000004,Bexley,E05011231,Slade Green & Northend,Female,6808
E09000004,Bexley,E05011231,Slade Green & Northend,Male,6071
E09000004,Bexley,E05011232,Thamesmead East,Female,8227
E09000004,Bexley,E05011232,Thamesmead East,Male,7690
E09000004,Bexley,E05011233,West Heath,Female,8059
E09000004,Bexley,E05011233,West Heath,Male,7618
E09000026,Redbridge,E05011234,Aldborough,Female,7881
E09000026,Redbridge,E05011234,Aldborough,Male,7699
E09000026,Redbridge,E05011235,Barkingside,Female,7606
E09000026,Redbridge,E05011235,Barkingside,Male,7597
E09000026,Redbridge,E05011236,Bridge,Female,6903
E09000026,Redbridge,E05011236,Bridge,Male,6495
E09000026,Redbridge,E05011237,Chadwell,Female,8456
E09000026,Redbridge,E05011237,Chadwell,Male,8177
E09000026,Redbridge,E05011238,Churchfields,Female,8012
E09000026,Redbridge,E05011238,Churchfields,Male,7664
E09000026,Redbridge,E05011239,Clayhall,Female,6874
E09000026,Redbridge,E05011239,Clayhall,Male,6919
E09000026,Redbridge,E05011240,Clementswood,Female,6717
E09000026,Redbridge,E05011240,Clementswood,Male,7056
E09000026,Redbridge,E05011241,Cranbrook,Female,6663
E09000026,Redbridge,E05011241,Cranbrook,Male,6566
E09000026,Redbridge,E05011242,Fairlop,Female,7611
E09000026,Redbridge,E05011242,Fairlop,Male,7145
E09000026,Redbridge,E05011243,Fullwell,Female,8212
E09000026,Redbridge,E05011243,Fullwell,Male,7753
E09000026,Redbridge,E05011244,Goodmayes,Female,7496
E09000026,Redbridge,E05011244,Goodmayes,Male,7663
E09000026,Redbridge,E05011245,Hainault,Female,8170
E09000026,Redbridge,E05011245,Hainault,Male,7541
E09000026,Redbridge,E05011246,Ilford Town,Female,6135
E09000026,Redbridge,E05011246,Ilford Town,Male,5983
E09000026,Redbridge,E05011247,Loxford,Female,7524
E09000026,Redbridge,E05011247,Loxford,Male,7526
E09000026,Redbridge,E05011248,Mayfield,Female,7954
E09000026,Redbridge,E05011248,Mayfield,Male,8038
E09000026,Redbridge,E05011249,Monkhams,Female,4868
E09000026,Redbridge,E05011249,Monkhams,Male,4678
E09000026,Redbridge,E05011250,Newbury,Female,7121
E09000026,Redbridge,E05011250,Newbury,Male,7213
E09000026,Redbridge,E05011251,Seven Kings,Female,7490
E09000026,Redbridge,E05011251,Seven Kings,Male,7667
E09000026,Redbridge,E05011252,South Woodford,Female,6444
E09000026,Redbridge,E05011252,South Woodford,Male,6055
E09000026,Redbridge,E05011253,Valentines,Female,7766
E09000026,Redbridge,E05011253,Valentines,Male,7782
E09000026,Redbridge,E05011254,Wanstead Park,Female,4156
E09000026,Redbridge,E05011254,Wanstead Park,Male,3993
E09000026,Redbridge,E05011255,Wanstead Village,Female,6881
E09000026,Redbridge,E05011255,Wanstead Village,Male,6142
E09000008,Croydon,E05011462,Addiscombe East,Female,5981
E09000008,Croydon,E05011462,Addiscombe East,Male,5812
E09000008,Croydon,E05011463,Addiscombe West,Female,8049
E09000008,Croydon,E05011463,Addiscombe West,Male,7612
E09000008,Croydon,E05011464,Bensham Manor,Female,8724
E09000008,Croydon,E05011464,Bensham Manor,Male,8208
E09000008,Croydon,E05011465,Broad Green,Female,10296
E09000008,Croydon,E05011465,Broad Green,Male,9783
E09000008,Croydon,E05011466,Coulsdon Town,Female,7798
E09000008,Croydon,E05011466,Coulsdon Town,Male,7470
E09000008,Croydon,E05011467,Crystal Palace & Upper Norwood,Female,8522
E09000008,Croydon,E05011467,Crystal Palace & Upper Norwood,Male,7764
E09000008,Croydon,E05011468,Fairfield,Female,7842
E09000008,Croydon,E05011468,Fairfield,Male,7912
E09000008,Croydon,E05011469,Kenley,Female,5339
E09000008,Croydon,E05011469,Kenley,Male,5068
E09000008,Croydon,E05011470,New Addington North,Female,6078
E09000008,Croydon,E05011470,New Addington North,Male,5065
E09000008,Croydon,E05011471,New Addington South,Female,5863
E09000008,Croydon,E05011471,New Addington South,Male,5327
E09000008,Croydon,E05011472,Norbury & Pollards Hill,Female,6555
E09000008,Croydon,E05011472,Norbury & Pollards Hill,Male,5912
E09000008,Croydon,E05011473,Norbury Park,Female,5457
E09000008,Croydon,E05011473,Norbury Park,Male,5101
E09000008,Croydon,E05011474,Old Coulsdon,Female,5107
E09000008,Croydon,E05011474,Old Coulsdon,Male,4653
E09000008,Croydon,E05011475,Park Hill & Whitgift,Female,2912
E09000008,Croydon,E05011475,Park Hill & Whitgift,Male,2851
E09000008,Croydon,E05011476,Purley & Woodcote,Female,8568
E09000008,Croydon,E05011476,Purley & Woodcote,Male,7983
E09000008,Croydon,E05011477,Purley Oaks & Riddlesdown,Female,5411
E09000008,Croydon,E05011477,Purley Oaks & Riddlesdown,Male,5105
E09000008,Croydon,E05011478,Sanderstead,Female,8031
E09000008,Croydon,E05011478,Sanderstead,Male,7472
E09000008,Croydon,E05011479,Selhurst,Female,6790
E09000008,Croydon,E05011479,Selhurst,Male,6138
E09000008,Croydon,E05011480,Selsdon & Addington Village,Female,5378
E09000008,Croydon,E05011480,Selsdon & Addington Village,Male,4939
E09000008,Croydon,E05011481,Selsdon Vale & Forestdale,Female,5094
E09000008,Croydon,E05011481,Selsdon Vale & Forestdale,Male,4608
E09000008,Croydon,E05011482,Shirley North,Female,8147
E09000008,Croydon,E05011482,Shirley North,Male,7184
E09000008,Croydon,E05011483,Shirley South,Female,5729
E09000008,Croydon,E05011483,Shirley South,Male,5056
E09000008,Croydon,E05011484,South Croydon,Female,8808
E09000008,Croydon,E05011484,South Croydon,Male,8382
E09000008,Croydon,E05011485,South Norwood,Female,8715
E09000008,Croydon,E05011485,South Norwood,Male,7804
E09000008,Croydon,E05011486,Thornton Heath,Female,9505
E09000008,Croydon,E05011486,Thornton Heath,Male,8484
E09000008,Croydon,E05011487,Waddon,Female,9578
E09000008,Croydon,E05011487,Waddon,Male,8914
E09000008,Croydon,E05011488,West Thornton,Female,9745
E09000008,Croydon,E05011488,West Thornton,Male,9023
E09000008,Croydon,E05011489,Woodside,Female,9062
E09000008,Croydon,E05011489,Woodside,Male,8002
E09000005,Brent,E05013496,Alperton,Female,7453
E09000005,Brent,E05013496,Alperton,Male,7557
E09000005,Brent,E05013497,Barnhill,Female,5921
E09000005,Brent,E05013497,Barnhill,Male,5493
E09000005,Brent,E05013498,Brondesbury Park,Female,6953
E09000005,Brent,E05013498,Brondesbury Park,Male,6649
E09000005,Brent,E05013499,Cricklewood & Mapesbury,Female,7100
E09000005,Brent,E05013499,Cricklewood & Mapesbury,Male,6858
E09000005,Brent,E05013500,Dollis Hill,Female,10923
E09000005,Brent,E05013500,Dollis Hill,Male,10721
E09000005,Brent,E05013501,Harlesden & Kensal Green,Female,10642
E09000005,Brent,E05013501,Harlesden & Kensal Green,Male,9459
E09000005,Brent,E05013502,Kenton,Female,8951
E09000005,Brent,E05013502,Kenton,Male,8764
E09000005,Brent,E05013503,Kilburn,Female,8976
E09000005,Brent,E05013503,Kilburn,Male,8231
E09000005,Brent,E05013504,Kingsbury,Female,5726
E09000005,Brent,E05013504,Kingsbury,Male,5708
E09000005,Brent,E05013505,Northwick Park,Female,6241
E09000005,Brent,E05013505,Northwick Park,Male,5881
E09000005,Brent,E05013506,Preston,Female,6103
E09000005,Brent,E05013506,Preston,Male,6348
E09000005,Brent,E05013507,Queens Park,Female,9144
E09000005,Brent,E05013507,Queens Park,Male,7960
E09000005,Brent,E05013508,Queensbury,Female,8338
E09000005,Brent,E05013508,Queensbury,Male,8526
E09000005,Brent,E05013509,Roundwood,Female,8904
E09000005,Brent,E05013509,Roundwood,Male,7751
E09000005,Brent,E05013510,Stonebridge,Female,10607
E09000005,Brent,E05013510,Stonebridge,Male,9602
E09000005,Brent,E05013511,Sudbury,Female,6818
E09000005,Brent,E05013511,Sudbury,Male,6978
E09000005,Brent,E05013512,Tokyngton,Female,4875
E09000005,Brent,E05013512,Tokyngton,Male,5042
E09000005,Brent,E05013513,Welsh Harp,Female,9206
E09000005,Brent,E05013513,Welsh Harp,Male,9030
E09000005,Brent,E05013514,Wembley Central,Female,8827
E09000005,Brent,E05013514,Wembley Central,Male,9186
E09000005,Brent,E05013515,Wembley Hill,Female,7652
E09000005,Brent,E05013515,Wembley Hill,Male,7890
E09000005,Brent,E05013516,Wembley Park,Female,3976
E09000005,Brent,E05013516,Wembley Park,Male,3660
E09000005,Brent,E05013517,Willesden Green,Female,9775
E09000005,Brent,E05013517,Willesden Green,Male,9410
E09000009,Ealing,E05013518,Central Greenford,Female,7010
E09000009,Ealing,E05013518,Central Greenford,Male,6953
E09000009,Ealing,E05013519,Dormers Wells,Female,7658
E09000009,Ealing,E05013519,Dormers Wells,Male,7528
E09000009,Ealing,E05013520,Ealing Broadway,Female,7219
E09000009,Ealing,E05013520,Ealing Broadway,Male,7012
E09000009,Ealing,E05013521,Ealing Common,Female,8043
E09000009,Ealing,E05013521,Ealing Common,Male,7739
E09000009,Ealing,E05013522,East Acton,Female,8240
E09000009,Ealing,E05013522,East Acton,Male,7777
E09000009,Ealing,E05013523,Greenford Broadway,Female,8785
E09000009,Ealing,E05013523,Greenford Broadway,Male,8245
E09000009,Ealing,E05013524,Hanger Hill,Female,8478
E09000009,Ealing,E05013524,Hanger Hill,Male,8340
E09000009,Ealing,E05013525,Hanwell Broadway,Female,7874
E09000009,Ealing,E05013525,Hanwell Broadway,Male,7225
E09000009,Ealing,E05013526,Lady Margaret,Female,7993
E09000009,Ealing,E05013526,Lady Margaret,Male,8140
E09000009,Ealing,E05013527,North Acton,Female,9326
E09000009,Ealing,E05013527,North Acton,Male,9045
E09000009,Ealing,E05013528,North Greenford,Female,8130
E09000009,Ealing,E05013528,North Greenford,Male,8005
E09000009,Ealing,E05013529,North Hanwell,Female,7756
E09000009,Ealing,E05013529,North Hanwell,Male,7287
E09000009,Ealing,E05013530,Northfield,Female,7488
E09000009,Ealing,E05013530,Northfield,Male,6968
E09000009,Ealing,E05013531,Northolt Mandeville,Female,8896
E09000009,Ealing,E05013531,Northolt Mandeville,Male,8465
E09000009,Ealing,E05013532,Northolt West End,Female,8451
E09000009,Ealing,E05013532,Northolt West End,Male,8079
E09000009,Ealing,E05013533,Norwood Green,Female,7715
E09000009,Ealing,E05013533,Norwood Green,Male,7740
E09000009,Ealing,E05013534,Perivale,Female,7935
E09000009,Ealing,E05013534,Perivale,Male,8279
E09000009,Ealing,E05013535,Pitshanger,Female,7915
E09000009,Ealing,E05013535,Pitshanger,Male,7251
E09000009,Ealing,E05013536,South Acton,Female,8850
E09000009,Ealing,E05013536,South Acton,Male,8257
E09000009,Ealing,E05013537,Southall Broadway,Female,5250
E09000009,Ealing,E05013537,Southall Broadway,Male,5714
E09000009,Ealing,E05013538,Southall Green,Female,7889
E09000009,Ealing,E05013538,Southall Green,Male,8442
E09000009,Ealing,E05013539,Southall West,Female,3304
E09000009,Ealing,E05013539,Southall West,Male,3501
E09000009,Ealing,E05013540,Southfield,Female,8548
E09000009,Ealing,E05013540,Southfield,Male,7691
E09000009,Ealing,E05013541,Walpole,Female,7441
E09000009,Ealing,E05013541,Walpole,Male,7215
E09000015,Harrow,E05013542,Belmont,Female,4620
E09000015,Harrow,E05013542,Belmont,Male,4522
E09000015,Harrow,E05013543,Canons,Female,4733
E09000015,Harrow,E05013543,Canons,Male,4394
E09000015,Harrow,E05013544,Centenary,Female,7146
E09000015,Harrow,E05013544,Centenary,Male,7400
E09000015,Harrow,E05013545,Edgware,Female,7952
E09000015,Harrow,E05013545,Edgware,Male,8034
E09000015,Harrow,E05013546,Greenhill,Female,5737
E09000015,Harrow,E05013546,Greenhill,Male,5694
E09000015,Harrow,E05013547,Harrow on the Hill,Female,5158
E09000015,Harrow,E05013547,Harrow on the Hill,Male,5644
E09000015,Harrow,E05013548,Harrow Weald,Female,7501
E09000015,Harrow,E05013548,Harrow Weald,Male,7039
E09000015,Harrow,E05013549,Hatch End,Female,5066
E09000015,Harrow,E05013549,Hatch End,Male,4522
E09000015,Harrow,E05013550,Headstone,Female,7595
E09000015,Harrow,E05013550,Headstone,Male,7476
E09000015,Harrow,E05013551,Kenton East,Female,7278
E09000015,Harrow,E05013551,Kenton East,Male,7318
E09000015,Harrow,E05013552,Kenton West,Female,4832
E09000015,Harrow,E05013552,Kenton West,Male,4751
E09000015,Harrow,E05013553,Marlborough,Female,5771
E09000015,Harrow,E05013553,Marlborough,Male,5606
E09000015,Harrow,E05013554,North Harrow,Female,4692
E09000015,Harrow,E05013554,North Harrow,Male,4542
E09000015,Harrow,E05013555,Pinner,Female,6895
E09000015,Harrow,E05013555,Pinner,Male,6368
E09000015,Harrow,E05013556,Pinner South,Female,7729
E09000015,Harrow,E05013556,Pinner South,Male,7367
E09000015,Harrow,E05013557,Rayners Lane,Female,4764
E09000015,Harrow,E05013557,Rayners Lane,Male,4856
E09000015,Harrow,E05013558,Roxbourne,Female,5049
E09000015,Harrow,E05013558,Roxbourne,Male,4771
E09000015,Harrow,E05013559,Roxeth,Female,8034
E09000015,Harrow,E05013559,Roxeth,Male,7723
E09000015,Harrow,E05013560,Stanmore,Female,7286
E09000015,Harrow,E05013560,Stanmore,Male,6394
E09000015,Harrow,E05013561,Wealdstone North,Female,5303
E09000015,Harrow,E05013561,Wealdstone North,Male,5057
E09000015,Harrow,E05013562,Wealdstone South,Female,4011
E09000015,Harrow,E05013562,Wealdstone South,Male,4073
E09000015,Harrow,E05013563,West Harrow,Female,5249
E09000015,Harrow,E05013563,West Harrow,Male,5249
E09000017,Hillingdon,E05013564,Belmore,Female,8524
E09000017,Hillingdon,E05013564,Belmore,Male,8845
E09000017,Hillingdon,E05013565,Charville,Female,5762
E09000017,Hillingdon,E05013565,Charville,Male,5731
E09000017,Hillingdon,E05013566,Colham & Cowley,Female,9595
E09000017,Hillingdon,E05013566,Colham & Cowley,Male,9654
E09000017,Hillingdon,E05013567,Eastcote,Female,8638
E09000017,Hillingdon,E05013567,Eastcote,Male,8034
E09000017,Hillingdon,E05013568,Harefield Village,Female,2935
E09000017,Hillingdon,E05013568,Harefield Village,Male,2816
E09000017,Hillingdon,E05013569,Hayes Town,Female,7582
E09000017,Hillingdon,E05013569,Hayes Town,Male,7710
E09000017,Hillingdon,E05013570,Heathrow Villages,Female,6845
E09000017,Hillingdon,E05013570,Heathrow Villages,Male,7188
E09000017,Hillingdon,E05013571,Hillingdon East,Female,8044
E09000017,Hillingdon,E05013571,Hillingdon East,Male,7602
E09000017,Hillingdon,E05013572,Hillingdon West,Female,5073
E09000017,Hillingdon,E05013572,Hillingdon West,Male,4798
E09000017,Hillingdon,E05013573,Ickenham & South Harefield,Female,7904
E09000017,Hillingdon,E05013573,Ickenham & South Harefield,Male,7598
E09000017,Hillingdon,E05013574,Northwood,Female,5948
E09000017,Hillingdon,E05013574,Northwood,Male,5363
E09000017,Hillingdon,E05013575,Northwood Hills,Female,6141
E09000017,Hillingdon,E05013575,Northwood Hills,Male,5719
E09000017,Hillingdon,E05013576,Pinkwell,Female,8337
E09000017,Hillingdon,E05013576,Pinkwell,Male,8516
E09000017,Hillingdon,E05013577,Ruislip,Female,8040
E09000017,Hillingdon,E05013577,Ruislip,Male,7464
E09000017,Hillingdon,E05013578,Ruislip Manor,Female,5564
E09000017,Hillingdon,E05013578,Ruislip Manor,Male,5297
E09000017,Hillingdon,E05013579,South Ruislip,Female,8609
E09000017,Hillingdon,E05013579,South Ruislip,Male,8431
E09000017,Hillingdon,E05013580,Uxbridge,Female,9015
E09000017,Hillingdon,E05013580,Uxbridge,Male,9107
E09000017,Hillingdon,E05013581,West Drayton,Female,9323
E09000017,Hillingdon,E05013581,West Drayton,Male,9108
E09000017,Hillingdon,E05013582,Wood End,Female,9785
E09000017,Hillingdon,E05013582,Wood End,Male,9588
E09000017,Hillingdon,E05013583,Yeading,Female,6944
E09000017,Hillingdon,E05013583,Yeading,Male,6602
E09000017,Hillingdon,E05013584,Yiewsley,Female,6235
E09000017,Hillingdon,E05013584,Yiewsley,Male,5878
E09000014,Haringey,E05013585,Alexandra Park,Female,4730
E09000014,Haringey,E05013585,Alexandra Park,Male,4335
E09000014,Haringey,E05013586,Bounds Green,Female,5142
E09000014,Haringey,E05013586,Bounds Green,Male,4605
E09000014,Haringey,E05013587,Bruce Castle,Female,7320
E09000014,Haringey,E05013587,Bruce Castle,Male,6713
E09000014,Haringey,E05013588,Crouch End,Female,6817
E09000014,Haringey,E05013588,Crouch End,Male,6165
E09000014,Haringey,E05013589,Fortis Green,Female,6763
E09000014,Haringey,E05013589,Fortis Green,Male,6121
E09000014,Haringey,E05013590,Harringay,Female,7259
E09000014,Haringey,E05013590,Harringay,Male,7163
E09000014,Haringey,E05013591,Hermitage & Gardens,Female,4613
E09000014,Haringey,E05013591,Hermitage & Gardens,Male,4334
E09000014,Haringey,E05013592,Highgate,Female,6510
E09000014,Haringey,E05013592,Highgate,Male,5970
E09000014,Haringey,E05013593,Hornsey,Female,7716
E09000014,Haringey,E05013593,Hornsey,Male,7003
E09000014,Haringey,E05013594,Muswell Hill,Female,4570
E09000014,Haringey,E05013594,Muswell Hill,Male,4270
E09000014,Haringey,E05013595,Noel Park,Female,7082
E09000014,Haringey,E05013595,Noel Park,Male,6600
E09000014,Haringey,E05013596,Northumberland Park,Female,7751
E09000014,Haringey,E05013596,Northumberland Park,Male,7087
E09000014,Haringey,E05013597,St Ann's,Female,5230
E09000014,Haringey,E05013597,St Ann's,Male,5048
E09000014,Haringey,E05013598,Seven Sisters,Female,4799
E09000014,Haringey,E05013598,Seven Sisters,Male,4609
E09000014,Haringey,E05013599,South Tottenham,Female,8688
E09000014,Haringey,E05013599,South Tottenham,Male,8436
E09000014,Haringey,E05013600,Stroud Green,Female,5755
E09000014,Haringey,E05013600,Stroud Green,Male,5166
E09000014,Haringey,E05013601,Tottenham Central,Female,7392
E09000014,Haringey,E05013601,Tottenham Central,Male,6996
E09000014,Haringey,E05013602,Tottenham Hale,Female,6203
E09000014,Haringey,E05013602,Tottenham Hale,Male,5731
E09000014,Haringey,E05013603,West Green,Female,7673
E09000014,Haringey,E05013603,West Green,Male,7035
E09000014,Haringey,E05013604,White Hart Lane,Female,7100
E09000014,Haringey,E05013604,White Hart Lane,Male,6333
E09000014,Haringey,E05013605,Woodside,Female,7890
E09000014,Haringey,E05013605,Woodside,Male,7512
E09000018,Hounslow,E05013606,Bedfont,Female,7894
E09000018,Hounslow,E05013606,Bedfont,Male,7458
E09000018,Hounslow,E05013607,Brentford East,Female,4550
E09000018,Hounslow,E05013607,Brentford East,Male,4060
E09000018,Hounslow,E05013608,Brentford West,Female,4372
E09000018,Hounslow,E05013608,Brentford West,Male,4181
E09000018,Hounslow,E05013609,Chiswick Gunnersbury,Female,6486
E09000018,Hounslow,E05013609,Chiswick Gunnersbury,Male,6304
E09000018,Hounslow,E05013610,Chiswick Homefields,Female,7146
E09000018,Hounslow,E05013610,Chiswick Homefields,Male,6737
E09000018,Hounslow,E05013611,Chiswick Riverside,Female,5014
E09000018,Hounslow,E05013611,Chiswick Riverside,Male,4879
E09000018,Hounslow,E05013612,Cranford,Female,7918
E09000018,Hounslow,E05013612,Cranford,Male,8110
E09000018,Hounslow,E05013613,Feltham North,Female,6414
E09000018,Hounslow,E05013613,Feltham North,Male,6384
E09000018,Hounslow,E05013614,Feltham West,Female,8107
E09000018,Hounslow,E05013614,Feltham West,Male,8124
E09000018,Hounslow,E05013615,Hanworth Park,Female,4982
E09000018,Hounslow,E05013615,Hanworth Park,Male,5065
E09000018,Hounslow,E05013616,Hanworth Village,Female,8262
E09000018,Hounslow,E05013616,Hanworth Village,Male,8260
E09000018,Hounslow,E05013617,Heston Central,Female,7249
E09000018,Hounslow,E05013617,Heston Central,Male,7289
E09000018,Hounslow,E05013618,Heston East,Female,5757
E09000018,Hounslow,E05013618,Heston East,Male,5788
E09000018,Hounslow,E05013619,Heston West,Female,7724
E09000018,Hounslow,E05013619,Heston West,Male,7614
E09000018,Hounslow,E05013620,Hounslow Central,Female,5104
E09000018,Hounslow,E05013620,Hounslow Central,Male,5520
E09000018,Hounslow,E05013621,Hounslow East,Female,4429
E09000018,Hounslow,E05013621,Hounslow East,Male,4351
E09000018,Hounslow,E05013622,Hounslow Heath,Female,7915
E09000018,Hounslow,E05013622,Hounslow Heath,Male,8154
E09000018,Hounslow,E05013623,Hounslow South,Female,6969
E09000018,Hounslow,E05013623,Hounslow South,Male,6901
E09000018,Hounslow,E05013624,Hounslow West,Female,7647
E09000018,Hounslow,E05013624,Hounslow West,Male,8272
E09000018,Hounslow,E05013625,Isleworth,Female,7458
E09000018,Hounslow,E05013625,Isleworth,Male,6597
E09000018,Hounslow,E05013626,Osterley & Spring Grove,Female,7379
E09000018,Hounslow,E05013626,Osterley & Spring Grove,Male,7213
E09000018,Hounslow,E05013627,Syon & Brentford Lock,Female,6220
E09000018,Hounslow,E05013627,Syon & Brentford Lock,Male,5937
E09000003,Barnet,E05013628,Barnet Vale,Female,8873
E09000003,Barnet,E05013628,Barnet Vale,Male,8198
E09000003,Barnet,E05013629,Brunswick Park,Female,8273
E09000003,Barnet,E05013629,Brunswick Park,Male,7868
E09000003,Barnet,E05013630,Burnt Oak,Female,11152
E09000003,Barnet,E05013630,Burnt Oak,Male,10423
E09000003,Barnet,E05013631,Childs Hill,Female,10002
E09000003,Barnet,E05013631,Childs Hill,Male,9390
E09000003,Barnet,E05013632,Colindale North,Female,6598
E09000003,Barnet,E05013632,Colindale North,Male,6129
E09000003,Barnet,E05013633,Colindale South,Female,9620
E09000003,Barnet,E05013633,Colindale South,Male,9381
E09000003,Barnet,E05013634,Cricklewood,Female,5353
E09000003,Barnet,E05013634,Cricklewood,Male,5060
E09000003,Barnet,E05013635,East Barnet,Female,9266
E09000003,Barnet,E05013635,East Barnet,Male,8833
E09000003,Barnet,E05013636,East Finchley,Female,8544
E09000003,Barnet,E05013636,East Finchley,Male,7780
E09000003,Barnet,E05013637,Edgware,Female,10189
E09000003,Barnet,E05013637,Edgware,Male,9581
E09000003,Barnet,E05013638,Edgwarebury,Female,6350
E09000003,Barnet,E05013638,Edgwarebury,Male,5994
E09000003,Barnet,E05013639,Finchley Church End,Female,9873
E09000003,Barnet,E05013639,Finchley Church End,Male,8962
E09000003,Barnet,E05013640,Friern Barnet,Female,9958
E09000003,Barnet,E05013640,Friern Barnet,Male,9105
E09000003,Barnet,E05013641,Garden Suburb,Female,6793
E09000003,Barnet,E05013641,Garden Suburb,Male,5886
E09000003,Barnet,E05013642,Golders Green,Female,7644
E09000003,Barnet,E05013642,Golders Green,Male,7498
E09000003,Barnet,E05013643,Hendon,Female,11094
E09000003,Barnet,E05013643,Hendon,Male,10883
E09000003,Barnet,E05013644,High Barnet,Female,6159
E09000003,Barnet,E05013644,High Barnet,Male,5848
E09000003,Barnet,E05013645,Mill Hill,Female,9248
E09000003,Barnet,E05013645,Mill Hill,Male,8577
E09000003,Barnet,E05013646,Totteridge & Woodside,Female,7647
E09000003,Barnet,E05013646,Totteridge & Woodside,Male,7257
E09000003,Barnet,E05013647,Underhill,Female,6435
E09000003,Barnet,E05013647,Underhill,Male,5862
E09000003,Barnet,E05013648,West Finchley,Female,10001
E09000003,Barnet,E05013648,West Finchley,Male,9405
E09000003,Barnet,E05013649,West Hendon,Female,8769
E09000003,Barnet,E05013649,West Hendon,Male,8486
E09000003,Barnet,E05013650,Whetstone,Female,5684
E09000003,Barnet,E05013650,Whetstone,Male,5205
E09000003,Barnet,E05013651,Woodhouse,Female,7295
E09000003,Barnet,E05013651,Woodhouse,Male,6870
E09000007,Camden,E05013652,Belsize,Female,6378
E09000007,Camden,E05013652,Belsize,Male,5736
E09000007,Camden,E05013653,Bloomsbury,Female,5883
E09000007,Camden,E05013653,Bloomsbury,Male,5484
E09000007,Camden,E05013654,Camden Square,Female,3706
E09000007,Camden,E05013654,Camden Square,Male,3381
E09000007,Camden,E05013655,Camden Town,Female,3455
E09000007,Camden,E05013655,Camden Town,Male,3355
E09000007,Camden,E05013656,Fortune Green,Female,6014
E09000007,Camden,E05013656,Fortune Green,Male,5556
E09000007,Camden,E05013657,Frognal,Female,4075
E09000007,Camden,E05013657,Frognal,Male,3656
E09000007,Camden,E05013658,Gospel Oak,Female,6268
E09000007,Camden,E05013658,Gospel Oak,Male,5449
E09000007,Camden,E05013659,Hampstead Town,Female,4228
E09000007,Camden,E05013659,Hampstead Town,Male,3864
E09000007,Camden,E05013660,Haverstock,Female,6430
E09000007,Camden,E05013660,Haverstock,Male,5549
E09000007,Camden,E05013661,Highgate,Female,5456
E09000007,Camden,E05013661,Highgate,Male,4774
E09000007,Camden,E05013662,Holborn & Covent Garden,Female,5117
E09000007,Camden,E05013662,Holborn & Covent Garden,Male,5207
E09000007,Camden,E05013663,Kentish Town North,Female,3867
E09000007,Camden,E05013663,Kentish Town North,Male,3433
E09000007,Camden,E05013664,Kentish Town South,Female,5655
E09000007,Camden,E05013664,Kentish Town South,Male,4650
E09000007,Camden,E05013665,Kilburn,Female,6435
E09000007,Camden,E05013665,Kilburn,Male,5575
E09000007,Camden,E05013666,King's Cross,Female,5968
E09000007,Camden,E05013666,King's Cross,Male,5484
E09000007,Camden,E05013667,Primrose Hill,Female,6608
E09000007,Camden,E05013667,Primrose Hill,Male,5833
E09000007,Camden,E05013668,Regent's Park,Female,6331
E09000007,Camden,E05013668,Regent's Park,Male,5596
E09000007,Camden,E05013669,St Pancras & Somers Town,Female,6553
E09000007,Camden,E05013669,St Pancras & Somers Town,Male,5909
E09000007,Camden,E05013670,South Hampstead,Female,6362
E09000007,Camden,E05013670,South Hampstead,Male,5673
E09000007,Camden,E05013671,West Hampstead,Female,5865
E09000007,Camden,E05013671,West Hampstead,Male,5326
E09000010,Enfield,E05013672,Arnos Grove,Female,4494
E09000010,Enfield,E05013672,Arnos Grove,Male,4384
E09000010,Enfield,E05013673,Bowes,Female,5426
E09000010,Enfield,E05013673,Bowes,Male,5285
E09000010,Enfield,E05013674,Brimsdown,Female,8535
E09000010,Enfield,E05013674,Brimsdown,Male,7755
E09000010,Enfield,E05013675,Bullsmoor,Female,5991
E09000010,Enfield,E05013675,Bullsmoor,Male,5383
E09000010,Enfield,E05013676,Bush Hill Park,Female,6676
E09000010,Enfield,E05013676,Bush Hill Park,Male,6331
E09000010,Enfield,E05013677,Carterhatch,Female,6805
E09000010,Enfield,E05013677,Carterhatch,Male,6003
E09000010,Enfield,E05013678,Cockfosters,Female,5320
E09000010,Enfield,E05013678,Cockfosters,Male,4835
E09000010,Enfield,E05013679,Edmonton Green,Female,9100
E09000010,Enfield,E05013679,Edmonton Green,Male,7952
E09000010,Enfield,E05013680,Enfield Lock,Female,9527
E09000010,Enfield,E05013680,Enfield Lock,Male,8343
E09000010,Enfield,E05013681,Grange Park,Female,4434
E09000010,Enfield,E05013681,Grange Park,Male,4164
E09000010,Enfield,E05013682,Haselbury,Female,9540
E09000010,Enfield,E05013682,Haselbury,Male,8774
E09000010,Enfield,E05013683,Highfield,Female,4832
E09000010,Enfield,E05013683,Highfield,Male,4715
E09000010,Enfield,E05013684,Jubilee,Female,8575
E09000010,Enfield,E05013684,Jubilee,Male,7800
E09000010,Enfield,E05013685,Lower Edmonton,Female,8810
E09000010,Enfield,E05013685,Lower Edmonton,Male,7708
E09000010,Enfield,E05013686,New Southgate,Female,5690
E09000010,Enfield,E05013686,New Southgate,Male,5429
E09000010,Enfield,E05013687,Oakwood,Female,4539
E09000010,Enfield,E05013687,Oakwood,Male,4153
E09000010,Enfield,E05013688,Palmers Green,Female,5525
E09000010,Enfield,E05013688,Palmers Green,Male,5312
E09000010,Enfield,E05013689,Ponders End,Female,7162
E09000010,Enfield,E05013689,Ponders End,Male,6337
E09000010,Enfield,E05013690,Ridgeway,Female,6779
E09000010,Enfield,E05013690,Ridgeway,Male,6008
E09000010,Enfield,E05013691,Southbury,Female,8097
E09000010,Enfield,E05013691,Southbury,Male,7242
E09000010,Enfield,E05013692,Southgate,Female,7853
E09000010,Enfield,E05013692,Southgate,Male,7362
E09000010,Enfield,E05013693,Town,Female,7008
E09000010,Enfield,E05013693,Town,Male,6322
E09000010,Enfield,E05013694,Upper Edmonton,Female,8768
E09000010,Enfield,E05013694,Upper Edmonton,Male,8062
E09000010,Enfield,E05013695,Whitewebbs,Female,7600
E09000010,Enfield,E05013695,Whitewebbs,Male,6787
E09000010,Enfield,E05013696,Winchmore Hill,Female,5371
E09000010,Enfield,E05013696,Winchmore Hill,Male,5070
E09000019,Islington,E05013697,Arsenal,Female,6721
E09000019,Islington,E05013697,Arsenal,Male,6441
E09000019,Islington,E05013698,Barnsbury,Female,6083
E09000019,Islington,E05013698,Barnsbury,Male,5757
E09000019,Islington,E05013699,Bunhill,Female,5674
E09000019,Islington,E05013699,Bunhill,Male,5487
E09000019,Islington,E05013700,Caledonian,Female,6161
E09000019,Islington,E05013700,Caledonian,Male,5163
E09000019,Islington,E05013701,Canonbury,Female,6700
E09000019,Islington,E05013701,Canonbury,Male,5829
E09000019,Islington,E05013702,Clerkenwell,Female,5750
E09000019,Islington,E05013702,Clerkenwell,Male,5248
E09000019,Islington,E05013703,Finsbury Park,Female,7570
E09000019,Islington,E05013703,Finsbury Park,Male,6841
E09000019,Islington,E05013704,Highbury,Female,7350
E09000019,Islington,E05013704,Highbury,Male,6593
E09000019,Islington,E05013705,Hillrise,Female,7944
E09000019,Islington,E05013705,Hillrise,Male,6865
E09000019,Islington,E05013706,Holloway,Female,6559
E09000019,Islington,E05013706,Holloway,Male,5796
E09000019,Islington,E05013707,Junction,Female,6855
E09000019,Islington,E05013707,Junction,Male,6102
E09000019,Islington,E05013708,Laycock,Female,6592
E09000019,Islington,E05013708,Laycock,Male,6608
E09000019,Islington,E05013709,Mildmay,Female,7499
E09000019,Islington,E05013709,Mildmay,Male,6677
E09000019,Islington,E05013710,St Mary's & St James',Female,6121
E09000019,Islington,E05013710,St Mary's & St James',Male,5552
E09000019,Islington,E05013711,St Peter's & Canalside,Female,5944
E09000019,Islington,E05013711,St Peter's & Canalside,Male,5732
E09000019,Islington,E05013712,Tollington,Female,7358
E09000019,Islington,E05013712,Tollington,Male,6606
E09000019,Islington,E05013713,Tufnell Park,Female,6404
E09000019,Islington,E05013713,Tufnell Park,Male,5987
E09000023,Lewisham,E05013714,Bellingham,Female,6092
E09000023,Lewisham,E05013714,Bellingham,Male,5572
E09000023,Lewisham,E05013715,Blackheath,Female,8559
E09000023,Lewisham,E05013715,Blackheath,Male,7663
E09000023,Lewisham,E05013716,Brockley,Female,9531
E09000023,Lewisham,E05013716,Brockley,Male,8422
E09000023,Lewisham,E05013717,Catford South,Female,9030
E09000023,Lewisham,E05013717,Catford South,Male,8237
E09000023,Lewisham,E05013718,Crofton Park,Female,8152
E09000023,Lewisham,E05013718,Crofton Park,Male,7342
E09000023,Lewisham,E05013719,Deptford,Female,8544
E09000023,Lewisham,E05013719,Deptford,Male,7841
E09000023,Lewisham,E05013720,Downham,Female,9933
E09000023,Lewisham,E05013720,Downham,Male,8833
E09000023,Lewisham,E05013721,Evelyn,Female,7646
E09000023,Lewisham,E05013721,Evelyn,Male,7314
E09000023,Lewisham,E05013722,Forest Hill,Female,7935
E09000023,Lewisham,E05013722,Forest Hill,Male,7242
E09000023,Lewisham,E05013723,Grove Park,Female,8129
E09000023,Lewisham,E05013723,Grove Park,Male,7462
E09000023,Lewisham,E05013724,Hither Green,Female,10596
E09000023,Lewisham,E05013724,Hither Green,Male,9659
E09000023,Lewisham,E05013725,Ladywell,Female,8101
E09000023,Lewisham,E05013725,Ladywell,Male,7122
E09000023,Lewisham,E05013726,Lee Green,Female,7808
E09000023,Lewisham,E05013726,Lee Green,Male,7182
E09000023,Lewisham,E05013727,Lewisham Central,Female,4299
E09000023,Lewisham,E05013727,Lewisham Central,Male,4076
E09000023,Lewisham,E05013728,New Cross Gate,Female,5691
E09000023,Lewisham,E05013728,New Cross Gate,Male,5203
E09000023,Lewisham,E05013729,Perry Vale,Female,9790
E09000023,Lewisham,E05013729,Perry Vale,Male,8548
E09000023,Lewisham,E05013730,Rushey Green,Female,9728
E09000023,Lewisham,E05013730,Rushey Green,Male,9025
E09000023,Lewisham,E05013731,Sydenham,Female,9349
E09000023,Lewisham,E05013731,Sydenham,Male,8003
E09000023,Lewisham,E05013732,Telegraph Hill,Female,8913
E09000023,Lewisham,E05013732,Telegraph Hill,Male,8010
E09000013,Hammersmith and Fulham,E05013733,Addison,Female,4117
E09000013,Hammersmith and Fulham,E05013733,Addison,Male,3691
E09000013,Hammersmith and Fulham,E05013734,Avonmore,Female,4066
E09000013,Hammersmith and Fulham,E05013734,Avonmore,Male,3468
E09000013,Hammersmith and Fulham,E05013735,Brook Green,Female,4296
E09000013,Hammersmith and Fulham,E05013735,Brook Green,Male,3792
E09000013,Hammersmith and Fulham,E05013736,College Park & Old Oak,Female,5118
E09000013,Hammersmith and Fulham,E05013736,College Park & Old Oak,Male,4869
E09000013,Hammersmith and Fulham,E05013737,Coningham,Female,5659
E09000013,Hammersmith and Fulham,E05013737,Coningham,Male,5156
E09000013,Hammersmith and Fulham,E05013738,Fulham Reach,Female,6063
E09000013,Hammersmith and Fulham,E05013738,Fulham Reach,Male,5523
E09000013,Hammersmith and Fulham,E05013739,Fulham Town,Female,4071
E09000013,Hammersmith and Fulham,E05013739,Fulham Town,Male,3395
E09000013,Hammersmith and Fulham,E05013740,Grove,Female,3883
E09000013,Hammersmith and Fulham,E05013740,Grove,Male,3559
E09000013,Hammersmith and Fulham,E05013741,Hammersmith Broadway,Female,4056
E09000013,Hammersmith and Fulham,E05013741,Hammersmith Broadway,Male,3585
E09000013,Hammersmith and Fulham,E05013742,Lillie,Female,3445
E09000013,Hammersmith and Fulham,E05013742,Lillie,Male,3206
E09000013,Hammersmith and Fulham,E05013743,Munster,Female,6723
E09000013,Hammersmith and Fulham,E05013743,Munster,Male,5698
E09000013,Hammersmith and Fulham,E05013744,Palace & Hurlingham,Female,6187
E09000013,Hammersmith and Fulham,E05013744,Palace & Hurlingham,Male,5311
E09000013,Hammersmith and Fulham,E05013745,Parsons Green & Sandford,Female,4168
E09000013,Hammersmith and Fulham,E05013745,Parsons Green & Sandford,Male,3744
E09000013,Hammersmith and Fulham,E05013746,Ravenscourt,Female,3653
E09000013,Hammersmith and Fulham,E05013746,Ravenscourt,Male,3325
E09000013,Hammersmith and Fulham,E05013747,Sands End,Female,5928
E09000013,Hammersmith and Fulham,E05013747,Sands End,Male,5002
E09000013,Hammersmith and Fulham,E05013748,Shepherd's Bush Green,Female,2943
E09000013,Hammersmith and Fulham,E05013748,Shepherd's Bush Green,Male,2680
E09000013,Hammersmith and Fulham,E05013749,Walham Green,Female,4119
E09000013,Hammersmith and Fulham,E05013749,Walham Green,Male,3624
E09000013,Hammersmith and Fulham,E05013750,Wendell Park,Female,3971
E09000013,Hammersmith and Fulham,E05013750,Wendell Park,Male,3468
E09000013,Hammersmith and Fulham,E05013751,West Kensington,Female,5012
E09000013,Hammersmith and Fulham,E05013751,West Kensington,Male,4482
E09000013,Hammersmith and Fulham,E05013752,White City,Female,5494
E09000013,Hammersmith and Fulham,E05013752,White City,Male,4794
E09000013,Hammersmith and Fulham,E05013753,Wormholt,Female,4242
E09000013,Hammersmith and Fulham,E05013753,Wormholt,Male,3572
E09000029,Sutton,E05013754,Beddington,Female,5624
E09000029,Sutton,E05013754,Beddington,Male,5383
E09000029,Sutton,E05013755,Belmont,Female,5894
E09000029,Sutton,E05013755,Belmont,Male,5630
E09000029,Sutton,E05013756,Carshalton Central,Female,6079
E09000029,Sutton,E05013756,Carshalton Central,Male,5598
E09000029,Sutton,E05013757,Carshalton South & Clockhouse,Female,5158
E09000029,Sutton,E05013757,Carshalton South & Clockhouse,Male,4925
E09000029,Sutton,E05013758,Cheam,Female,5608
E09000029,Sutton,E05013758,Cheam,Male,5219
E09000029,Sutton,E05013759,Hackbridge,Female,3499
E09000029,Sutton,E05013759,Hackbridge,Male,3324
E09000029,Sutton,E05013760,North Cheam,Female,5950
E09000029,Sutton,E05013760,North Cheam,Male,5692
E09000029,Sutton,E05013761,St Helier East,Female,4373
E09000029,Sutton,E05013761,St Helier East,Male,4079
E09000029,Sutton,E05013762,St Helier West,Female,6455
E09000029,Sutton,E05013762,St Helier West,Male,5835
E09000029,Sutton,E05013763,South Beddington & Roundshaw,Female,5587
E09000029,Sutton,E05013763,South Beddington & Roundshaw,Male,5216
E09000029,Sutton,E05013764,Stonecot,Female,3998
E09000029,Sutton,E05013764,Stonecot,Male,3786
E09000029,Sutton,E05013765,Sutton Central,Female,6374
E09000029,Sutton,E05013765,Sutton Central,Male,5992
E09000029,Sutton,E05013766,Sutton North,Female,5808
E09000029,Sutton,E05013766,Sutton North,Male,5487
E09000029,Sutton,E05013767,Sutton South,Female,6235
E09000029,Sutton,E05013767,Sutton South,Male,5937
E09000029,Sutton,E05013768,Sutton West & East Cheam,Female,5990
E09000029,Sutton,E05013768,Sutton West & East Cheam,Male,5522
E09000029,Sutton,E05013769,The Wrythe,Female,5588
E09000029,Sutton,E05013769,The Wrythe,Male,5112
E09000029,Sutton,E05013770,Wallington North,Female,6102
E09000029,Sutton,E05013770,Wallington North,Male,5854
E09000029,Sutton,E05013771,Wallington South,Female,5856
E09000029,Sutton,E05013771,Wallington South,Male,5355
E09000029,Sutton,E05013772,Worcester Park North,Female,4283
E09000029,Sutton,E05013772,Worcester Park North,Male,4024
E09000029,Sutton,E05013773,Worcester Park South,Female,3658
E09000029,Sutton,E05013773,Worcester Park South,Male,3514
E09000027,Richmond upon Thames,E05013774,Barnes,Female,5484
E09000027,Richmond upon Thames,E05013774,Barnes,Male,4988
E09000027,Richmond upon Thames,E05013775,East Sheen,Female,5525
E09000027,Richmond upon Thames,E05013775,East Sheen,Male,5143
E09000027,Richmond upon Thames,E05013776,Fulwell & Hampton Hill,Female,5562
E09000027,Richmond upon Thames,E05013776,Fulwell & Hampton Hill,Male,5152
E09000027,Richmond upon Thames,E05013777,"Ham, Petersham & Richmond Riverside",Female,5622
E09000027,Richmond upon Thames,E05013777,"Ham, Petersham & Richmond Riverside",Male,5205
E09000027,Richmond upon Thames,E05013778,Hampton,Female,5124
E09000027,Richmond upon Thames,E05013778,Hampton,Male,4851
E09000027,Richmond upon Thames,E05013779,Hampton North,Female,5232
E09000027,Richmond upon Thames,E05013779,Hampton North,Male,4810
E09000027,Richmond upon Thames,E05013780,Hampton Wick & South Teddington,Female,5486
E09000027,Richmond upon Thames,E05013780,Hampton Wick & South Teddington,Male,5267
E09000027,Richmond upon Thames,E05013781,Heathfield,Female,5309
E09000027,Richmond upon Thames,E05013781,Heathfield,Male,5104
E09000027,Richmond upon Thames,E05013782,Kew,Female,6180
E09000027,Richmond upon Thames,E05013782,Kew,Male,5612
E09000027,Richmond upon Thames,E05013783,Mortlake & Barnes Common,Female,6249
E09000027,Richmond upon Thames,E05013783,Mortlake & Barnes Common,Male,5552
E09000027,Richmond upon Thames,E05013784,North Richmond,Female,5583
E09000027,Richmond upon Thames,E05013784,North Richmond,Male,5279
E09000027,Richmond upon Thames,E05013785,St Margarets & North Twickenham,Female,5985
E09000027,Richmond upon Thames,E05013785,St Margarets & North Twickenham,Male,5678
E09000027,Richmond upon Thames,E05013786,South Richmond,Female,5808
E09000027,Richmond upon Thames,E05013786,South Richmond,Male,5275
E09000027,Richmond upon Thames,E05013787,South Twickenham,Female,5633
E09000027,Richmond upon Thames,E05013787,South Twickenham,Male,5216
E09000027,Richmond upon Thames,E05013788,Teddington,Female,5627
E09000027,Richmond upon Thames,E05013788,Teddington,Male,4937
E09000027,Richmond upon Thames,E05013789,Twickenham Riverside,Female,5802
E09000027,Richmond upon Thames,E05013789,Twickenham Riverside,Male,5477
E09000027,Richmond upon Thames,E05013790,West Twickenham,Female,5872
E09000027,Richmond upon Thames,E05013790,West Twickenham,Male,5215
E09000027,Richmond upon Thames,E05013791,Whitton,Female,5221
E09000027,Richmond upon Thames,E05013791,Whitton,Male,5214
E09000033,Westminster,E05013792,Abbey Road,Female,6860
E09000033,Westminster,E05013792,Abbey Road,Male,6121
E09000033,Westminster,E05013793,Bayswater,Female,6209
E09000033,Westminster,E05013793,Bayswater,Male,5943
E09000033,Westminster,E05013794,Church Street,Female,6094
E09000033,Westminster,E05013794,Church Street,Male,5572
E09000033,Westminster,E05013795,Harrow Road,Female,5935
E09000033,Westminster,E05013795,Harrow Road,Male,5238
E09000033,Westminster,E05013796,Hyde Park,Female,5121
E09000033,Westminster,E05013796,Hyde Park,Male,4991
E09000033,Westminster,E05013797,Knightsbridge & Belgravia,Female,6040
E09000033,Westminster,E05013797,Knightsbridge & Belgravia,Male,5152
E09000033,Westminster,E05013798,Lancaster Gate,Female,5742
E09000033,Westminster,E05013798,Lancaster Gate,Male,5527
E09000033,Westminster,E05013799,Little Venice,Female,5400
E09000033,Westminster,E05013799,Little Venice,Male,4970
E09000033,Westminster,E05013800,Maida Vale,Female,6074
E09000033,Westminster,E05013800,Maida Vale,Male,5622
E09000033,Westminster,E05013801,Marylebone,Female,6170
E09000033,Westminster,E05013801,Marylebone,Male,6252
E09000033,Westminster,E05013802,Pimlico North,Female,5025
E09000033,Westminster,E05013802,Pimlico North,Male,5246
E09000033,Westminster,E05013803,Pimlico South,Female,5575
E09000033,Westminster,E05013803,Pimlico South,Male,4988
E09000033,Westminster,E05013804,Queen's Park,Female,6753
E09000033,Westminster,E05013804,Queen's Park,Male,6001
E09000033,Westminster,E05013805,Regent's Park,Female,6243
E09000033,Westminster,E05013805,Regent's Park,Male,5566
E09000033,Westminster,E05013806,St James's,Female,4829
E09000033,Westminster,E05013806,St James's,Male,5247
E09000033,Westminster,E05013807,Vincent Square,Female,5518
E09000033,Westminster,E05013807,Vincent Square,Male,5089
E09000033,Westminster,E05013808,West End,Female,5461
E09000033,Westminster,E05013808,West End,Male,5785
E09000033,Westminster,E05013809,Westbourne,Female,6278
E09000033,Westminster,E05013809,Westbourne,Male,5579
E09000024,Merton,E05013810,Abbey,Female,5227
E09000024,Merton,E05013810,Abbey,Male,5032
E09000024,Merton,E05013811,Cannon Hill,Female,5051
E09000024,Merton,E05013811,Cannon Hill,Male,4885
E09000024,Merton,E05013812,Colliers Wood,Female,5910
E09000024,Merton,E05013812,Colliers Wood,Male,5655
E09000024,Merton,E05013813,Cricket Green,Female,6274
E09000024,Merton,E05013813,Cricket Green,Male,5855
E09000024,Merton,E05013814,Figge's Marsh,Female,5689
E09000024,Merton,E05013814,Figge's Marsh,Male,5399
E09000024,Merton,E05013815,Graveney,Female,5926
E09000024,Merton,E05013815,Graveney,Male,5869
E09000024,Merton,E05013816,Hillside,Female,4458
E09000024,Merton,E05013816,Hillside,Male,4060
E09000024,Merton,E05013817,Lavender Fields,Female,5898
E09000024,Merton,E05013817,Lavender Fields,Male,5664
E09000024,Merton,E05013818,Longthornton,Female,6074
E09000024,Merton,E05013818,Longthornton,Male,5757
E09000024,Merton,E05013819,Lower Morden,Female,5878
E09000024,Merton,E05013819,Lower Morden,Male,5623
E09000024,Merton,E05013820,Merton Park,Female,4174
E09000024,Merton,E05013820,Merton Park,Male,4121
E09000024,Merton,E05013821,Pollards Hill,Female,6098
E09000024,Merton,E05013821,Pollards Hill,Male,5773
E09000024,Merton,E05013822,Ravensbury,Female,4880
E09000024,Merton,E05013822,Ravensbury,Male,4600
E09000024,Merton,E05013823,Raynes Park,Female,6422
E09000024,Merton,E05013823,Raynes Park,Male,5823
E09000024,Merton,E05013824,St Helier,Female,5658
E09000024,Merton,E05013824,St Helier,Male,5468
E09000024,Merton,E05013825,Village,Female,6060
E09000024,Merton,E05013825,Village,Male,5422
E09000024,Merton,E05013826,Wandle,Female,3303
E09000024,Merton,E05013826,Wandle,Male,2978
E09000024,Merton,E05013827,West Barnes,Female,5353
E09000024,Merton,E05013827,West Barnes,Male,5141
E09000024,Merton,E05013828,Wimbledon Park,Female,5753
E09000024,Merton,E05013828,Wimbledon Park,Male,5313
E09000024,Merton,E05013829,Wimbledon Town & Dundonald,Female,6450
E09000024,Merton,E05013829,Wimbledon Town & Dundonald,Male,6231
E09000031,Waltham Forest,E05013882,Cann Hall,Female,8018
E09000031,Waltham Forest,E05013882,Cann Hall,Male,8059
E09000031,Waltham Forest,E05013883,Cathall,Female,5163
E09000031,Waltham Forest,E05013883,Cathall,Male,5374
E09000031,Waltham Forest,E05013884,Chapel End,Female,7231
E09000031,Waltham Forest,E05013884,Chapel End,Male,6825
E09000031,Waltham Forest,E05013885,Chingford Green,Female,5953
E09000031,Waltham Forest,E05013885,Chingford Green,Male,5608
E09000031,Waltham Forest,E05013886,Endlebury,Female,4569
E09000031,Waltham Forest,E05013886,Endlebury,Male,4365
E09000031,Waltham Forest,E05013887,Forest,Female,8317
E09000031,Waltham Forest,E05013887,Forest,Male,8235
E09000031,Waltham Forest,E05013888,Grove Green,Female,7532
E09000031,Waltham Forest,E05013888,Grove Green,Male,7291
E09000031,Waltham Forest,E05013889,Hale End & Highams Park South,Female,4861
E09000031,Waltham Forest,E05013889,Hale End & Highams Park South,Male,4578
E09000031,Waltham Forest,E05013890,Hatch Lane & Highams Park North,Female,6932
E09000031,Waltham Forest,E05013890,Hatch Lane & Highams Park North,Male,6270
E09000031,Waltham Forest,E05013891,High Street,Female,5448
E09000031,Waltham Forest,E05013891,High Street,Male,5334
E09000031,Waltham Forest,E05013892,Higham Hill,Female,7309
E09000031,Waltham Forest,E05013892,Higham Hill,Male,6821
E09000031,Waltham Forest,E05013893,Hoe Street,Female,7303
E09000031,Waltham Forest,E05013893,Hoe Street,Male,6932
E09000031,Waltham Forest,E05013894,Larkswood,Female,6852
E09000031,Waltham Forest,E05013894,Larkswood,Male,6545
E09000031,Waltham Forest,E05013895,Lea Bridge,Female,7453
E09000031,Waltham Forest,E05013895,Lea Bridge,Male,7653
E09000031,Waltham Forest,E05013896,Leyton,Female,7068
E09000031,Waltham Forest,E05013896,Leyton,Male,6720
E09000031,Waltham Forest,E05013897,Leytonstone,Female,6275
E09000031,Waltham Forest,E05013897,Leytonstone,Male,6070
E09000031,Waltham Forest,E05013898,Markhouse,Female,5080
E09000031,Waltham Forest,E05013898,Markhouse,Male,5044
E09000031,Waltham Forest,E05013899,St James,Female,6535
E09000031,Waltham Forest,E05013899,St James,Male,5975
E09000031,Waltham Forest,E05013900,Upper Walthamstow,Female,4318
E09000031,Waltham Forest,E05013900,Upper Walthamstow,Male,4081
E09000031,Waltham Forest,E05013901,Valley,Female,7290
E09000031,Waltham Forest,E05013901,Valley,Male,7019
E09000031,Waltham Forest,E05013902,William Morris,Female,7565
E09000031,Waltham Forest,E05013902,William Morris,Male,7090
E09000031,Waltham Forest,E05013903,Wood Street,Female,4889
E09000031,Waltham Forest,E05013903,Wood Street,Male,4593
E09000025,Newham,E05013904,Beckton,Female,7969
E09000025,Newham,E05013904,Beckton,Male,7324
E09000025,Newham,E05013905,Boleyn,Female,7689
E09000025,Newham,E05013905,Boleyn,Male,7891
E09000025,Newham,E05013906,Canning Town North,Female,5342
E09000025,Newham,E05013906,Canning Town North,Male,5295
E09000025,Newham,E05013907,Canning Town South,Female,3559
E09000025,Newham,E05013907,Canning Town South,Male,3508
E09000025,Newham,E05013908,Custom House,Female,9076
E09000025,Newham,E05013908,Custom House,Male,8650
E09000025,Newham,E05013909,East Ham,Female,7615
E09000025,Newham,E05013909,East Ham,Male,7422
E09000025,Newham,E05013910,East Ham South,Female,9146
E09000025,Newham,E05013910,East Ham South,Male,8901
E09000025,Newham,E05013911,Forest Gate North,Female,5468
E09000025,Newham,E05013911,Forest Gate North,Male,5336
E09000025,Newham,E05013912,Forest Gate South,Female,8675
E09000025,Newham,E05013912,Forest Gate South,Male,8700
E09000025,Newham,E05013913,Green Street East,Female,8328
E09000025,Newham,E05013913,Green Street East,Male,8466
E09000025,Newham,E05013914,Green Street West,Female,7484
E09000025,Newham,E05013914,Green Street West,Male,8408
E09000025,Newham,E05013915,Little Ilford,Female,9234
E09000025,Newham,E05013915,Little Ilford,Male,8864
E09000025,Newham,E05013916,Manor Park,Female,7795
E09000025,Newham,E05013916,Manor Park,Male,7967
E09000025,Newham,E05013917,Maryland,Female,6452
E09000025,Newham,E05013917,Maryland,Male,6291
E09000025,Newham,E05013918,Plaistow North,Female,8873
E09000025,Newham,E05013918,Plaistow North,Male,8795
E09000025,Newham,E05013919,Plaistow South,Female,6884
E09000025,Newham,E05013919,Plaistow South,Male,6551
E09000025,Newham,E05013920,Plaistow West & Canning Town East,Female,8717
E09000025,Newham,E05013920,Plaistow West & Canning Town East,Male,8163
E09000025,Newham,E05013921,Plashet,Female,5485
E09000025,Newham,E05013921,Plashet,Male,6129
E09000025,Newham,E05013922,Royal Albert,Female,5261
E09000025,Newham,E05013922,Royal Albert,Male,4898
E09000025,Newham,E05013923,Royal Victoria,Female,7199
E09000025,Newham,E05013923,Royal Victoria,Male,7343
E09000025,Newham,E05013924,Stratford,Female,7648
E09000025,Newham,E05013924,Stratford,Male,8095
E09000025,Newham,E05013925,Stratford Olympic Park,Female,5819
E09000025,Newham,E05013925,Stratford Olympic Park,Male,6035
E09000025,Newham,E05013926,Wall End,Female,8155
E09000025,Newham,E05013926,Wall End,Male,8440
E09000025,Newham,E05013927,West Ham,Female,7866
E09000025,Newham,E05013927,West Ham,Male,7840
E09000021,Kingston upon Thames,E05013928,Alexandra,Female,2982
E09000021,Kingston upon Thames,E05013928,Alexandra,Male,2839
E09000021,Kingston upon Thames,E05013929,Berrylands,Female,3231
E09000021,Kingston upon Thames,E05013929,Berrylands,Male,3205
E09000021,Kingston upon Thames,E05013930,Canbury Gardens,Female,4069
E09000021,Kingston upon Thames,E05013930,Canbury Gardens,Male,3874
E09000021,Kingston upon Thames,E05013931,Chessington South & Malden Rushett,Female,5076
E09000021,Kingston upon Thames,E05013931,Chessington South & Malden Rushett,Male,4729
E09000021,Kingston upon Thames,E05013932,Coombe Hill,Female,3954
E09000021,Kingston upon Thames,E05013932,Coombe Hill,Male,3503
E09000021,Kingston upon Thames,E05013933,Coombe Vale,Female,5338
E09000021,Kingston upon Thames,E05013933,Coombe Vale,Male,4985
E09000021,Kingston upon Thames,E05013934,Green Lane & St James,Female,3563
E09000021,Kingston upon Thames,E05013934,Green Lane & St James,Male,3256
E09000021,Kingston upon Thames,E05013935,Hook & Chessington North,Female,5531
E09000021,Kingston upon Thames,E05013935,Hook & Chessington North,Male,5211
E09000021,Kingston upon Thames,E05013936,King George's & Sunray,Female,2984
E09000021,Kingston upon Thames,E05013936,King George's & Sunray,Male,2796
E09000021,Kingston upon Thames,E05013937,Kingston Gate,Female,5695
E09000021,Kingston upon Thames,E05013937,Kingston Gate,Male,5277
E09000021,Kingston upon Thames,E05013938,Kingston Town,Female,5472
E09000021,Kingston upon Thames,E05013938,Kingston Town,Male,4880
E09000021,Kingston upon Thames,E05013939,Motspur Park & Old Malden East,Female,3613
E09000021,Kingston upon Thames,E05013939,Motspur Park & Old Malden East,Male,3410
E09000021,Kingston upon Thames,E05013940,New Malden Village,Female,5195
E09000021,Kingston upon Thames,E05013940,New Malden Village,Male,4713
E09000021,Kingston upon Thames,E05013941,Norbiton,Female,5840
E09000021,Kingston upon Thames,E05013941,Norbiton,Male,5271
E09000021,Kingston upon Thames,E05013942,Old Malden,Female,3367
E09000021,Kingston upon Thames,E05013942,Old Malden,Male,3278
E09000021,Kingston upon Thames,E05013943,St Mark's & Seething Wells,Female,6126
E09000021,Kingston upon Thames,E05013943,St Mark's & Seething Wells,Male,5687
E09000021,Kingston upon Thames,E05013944,Surbiton Hill,Female,5587
E09000021,Kingston upon Thames,E05013944,Surbiton Hill,Male,5226
E09000021,Kingston upon Thames,E05013945,Tolworth,Female,5708
E09000021,Kingston upon Thames,E05013945,Tolworth,Male,5370
E09000021,Kingston upon Thames,E05013946,Tudor,Female,3722
E09000021,Kingston upon Thames,E05013946,Tudor,Male,3472
E09000016,Havering,E05013967,Beam Park,Female,2703
E09000016,Havering,E05013967,Beam Park,Male,2537
E09000016,Havering,E05013968,Cranham,Female,6789
E09000016,Havering,E05013968,Cranham,Male,6176
E09000016,Havering,E05013969,Elm Park,Female,8519
E09000016,Havering,E05013969,Elm Park,Male,7915
E09000016,Havering,E05013970,Emerson Park,Female,4666
E09000016,Havering,E05013970,Emerson Park,Male,4530
E09000016,Havering,E05013971,Gooshays,Female,8999
E09000016,Havering,E05013971,Gooshays,Male,8392
E09000016,Havering,E05013972,Hacton,Female,4679
E09000016,Havering,E05013972,Hacton,Male,4409
E09000016,Havering,E05013973,Harold Wood,Female,7212
E09000016,Havering,E05013973,Harold Wood,Male,6740
E09000016,Havering,E05013974,Havering-atte-Bower,Female,8554
E09000016,Havering,E05013974,Havering-atte-Bower,Male,7735
E09000016,Havering,E05013975,Heaton,Female,9144
E09000016,Havering,E05013975,Heaton,Male,8458
E09000016,Havering,E05013976,Hylands & Harrow Lodge,Female,7358
E09000016,Havering,E05013976,Hylands & Harrow Lodge,Male,6835
E09000016,Havering,E05013977,Marshalls & Rise Park,Female,6629
E09000016,Havering,E05013977,Marshalls & Rise Park,Male,6440
E09000016,Havering,E05013978,Mawneys,Female,7570
E09000016,Havering,E05013978,Mawneys,Male,6955
E09000016,Havering,E05013979,Rainham & Wennington,Female,7038
E09000016,Havering,E05013979,Rainham & Wennington,Male,6533
E09000016,Havering,E05013980,Rush Green & Crowlands,Female,8237
E09000016,Havering,E05013980,Rush Green & Crowlands,Male,7565
E09000016,Havering,E05013981,St Alban's,Female,4258
E09000016,Havering,E05013981,St Alban's,Male,3986
E09000016,Havering,E05013982,St Andrew's,Female,7384
E09000016,Havering,E05013982,St Andrew's,Male,6872
E09000016,Havering,E05013983,St Edward's,Female,5570
E09000016,Havering,E05013983,St Edward's,Male,5086
E09000016,Havering,E05013984,South Hornchurch,Female,5345
E09000016,Havering,E05013984,South Hornchurch,Male,5188
E09000016,Havering,E05013985,Squirrels Heath,Female,8094
E09000016,Havering,E05013985,Squirrels Heath,Male,7610
E09000016,Havering,E05013986,Upminster,Female,6916
E09000016,Havering,E05013986,Upminster,Male,6425
E09000006,Bromley,E05013987,Beckenham Town & Copers Cope,Female,8363
E09000006,Bromley,E05013987,Beckenham Town & Copers Cope,Male,7692
E09000006,Bromley,E05013988,Bickley & Sundridge,Female,9397
E09000006,Bromley,E05013988,Bickley & Sundridge,Male,8418
E09000006,Bromley,E05013989,Biggin Hill,Female,5630
E09000006,Bromley,E05013989,Biggin Hill,Male,5289
E09000006,Bromley,E05013990,Bromley Common & Holwood,Female,9839
E09000006,Bromley,E05013990,Bromley Common & Holwood,Male,9119
E09000006,Bromley,E05013991,Bromley Town,Female,8120
E09000006,Bromley,E05013991,Bromley Town,Male,7706
E09000006,Bromley,E05013992,Chelsfield,Female,5923
E09000006,Bromley,E05013992,Chelsfield,Male,5597
E09000006,Bromley,E05013993,Chislehurst,Female,8013
E09000006,Bromley,E05013993,Chislehurst,Male,7529
E09000006,Bromley,E05013994,Clock House,Female,8925
E09000006,Bromley,E05013994,Clock House,Male,8193
E09000006,Bromley,E05013995,Crystal Palace & Anerley,Female,6376
E09000006,Bromley,E05013995,Crystal Palace & Anerley,Male,5697
E09000006,Bromley,E05013996,Darwin,Female,2791
E09000006,Bromley,E05013996,Darwin,Male,2713
E09000006,Bromley,E05013997,Farnborough & Crofton,Female,9303
E09000006,Bromley,E05013997,Farnborough & Crofton,Male,8478
E09000006,Bromley,E05013998,Hayes & Coney Hall,Female,8093
E09000006,Bromley,E05013998,Hayes & Coney Hall,Male,7677
E09000006,Bromley,E05013999,Kelsey & Eden Park,Female,8011
E09000006,Bromley,E05013999,Kelsey & Eden Park,Male,7457
E09000006,Bromley,E05014000,Mottingham,Female,6134
E09000006,Bromley,E05014000,Mottingham,Male,5378
E09000006,Bromley,E05014001,Orpington,Female,6386
E09000006,Bromley,E05014001,Orpington,Male,5883
E09000006,Bromley,E05014002,Penge & Cator,Female,10059
E09000006,Bromley,E05014002,Penge & Cator,Male,9030
E09000006,Bromley,E05014003,Petts Wood & Knoll,Female,8659
E09000006,Bromley,E05014003,Petts Wood & Knoll,Male,8201
E09000006,Bromley,E05014004,Plaistow,Female,6774
E09000006,Bromley,E05014004,Plaistow,Male,6055
E09000006,Bromley,E05014005,Shortlands & Park Langley,Female,8564
E09000006,Bromley,E05014005,Shortlands & Park Langley,Male,8116
E09000006,Bromley,E05014006,St Mary Cray,Female,9834
E09000006,Bromley,E05014006,St Mary Cray,Male,8823
E09000006,Bromley,E05014007,St Paul's Cray,Female,8942
E09000006,Bromley,E05014007,St Paul's Cray,Male,8029
E09000006,Bromley,E05014008,West Wickham,Female,7567
E09000006,Bromley,E05014008,West Wickham,Male,7201
E09000032,Wandsworth,E05014009,Balham,Female,9154
E09000032,Wandsworth,E05014009,Balham,Male,8320
E09000032,Wandsworth,E05014010,Battersea Park,Female,9988
E09000032,Wandsworth,E05014010,Battersea Park,Male,8961
E09000032,Wandsworth,E05014011,East Putney,Female,8983
E09000032,Wandsworth,E05014011,East Putney,Male,8179
E09000032,Wandsworth,E05014012,Falconbrook,Female,6422
E09000032,Wandsworth,E05014012,Falconbrook,Male,5633
E09000032,Wandsworth,E05014013,Furzedown,Female,9271
E09000032,Wandsworth,E05014013,Furzedown,Male,8478
E09000032,Wandsworth,E05014014,Lavender,Female,6519
E09000032,Wandsworth,E05014014,Lavender,Male,6057
E09000032,Wandsworth,E05014015,Nine Elms,Female,2736
E09000032,Wandsworth,E05014015,Nine Elms,Male,2730
E09000032,Wandsworth,E05014016,Northcote,Female,6887
E09000032,Wandsworth,E05014016,Northcote,Male,6453
E09000032,Wandsworth,E05014017,Roehampton,Female,10230
E09000032,Wandsworth,E05014017,Roehampton,Male,8911
E09000032,Wandsworth,E05014018,St Mary's,Female,7470
E09000032,Wandsworth,E05014018,St Mary's,Male,6825
E09000032,Wandsworth,E05014019,Shaftesbury & Queenstown,Female,8375
E09000032,Wandsworth,E05014019,Shaftesbury & Queenstown,Male,7396
E09000032,Wandsworth,E05014020,South Balham,Female,5368
E09000032,Wandsworth,E05014020,South Balham,Male,4747
E09000032,Wandsworth,E05014021,Southfields,Female,6661
E09000032,Wandsworth,E05014021,Southfields,Male,5885
E09000032,Wandsworth,E05014022,Thamesfield,Female,8506
E09000032,Wandsworth,E05014022,Thamesfield,Male,7814
E09000032,Wandsworth,E05014023,Tooting Bec,Female,9143
E09000032,Wandsworth,E05014023,Tooting Bec,Male,7858
E09000032,Wandsworth,E05014024,Tooting Broadway,Female,9163
E09000032,Wandsworth,E05014024,Tooting Broadway,Male,8148
E09000032,Wandsworth,E05014025,Trinity,Female,5763
E09000032,Wandsworth,E05014025,Trinity,Male,5142
E09000032,Wandsworth,E05014026,Wandle,Female,5757
E09000032,Wandsworth,E05014026,Wandle,Male,5134
E09000032,Wandsworth,E05014027,Wandsworth Common,Female,8490
E09000032,Wandsworth,E05014027,Wandsworth Common,Male,8115
E09000032,Wandsworth,E05014028,Wandsworth Town,Female,9436
E09000032,Wandsworth,E05014028,Wandsworth Town,Male,8636
E09000032,Wandsworth,E05014029,West Hill,Female,8847
E09000032,Wandsworth,E05014029,West Hill,Male,7967
E09000032,Wandsworth,E05014030,West Putney,Female,9082
E09000032,Wandsworth,E05014030,West Putney,Male,7867
E09000002,Barking and Dagenham,E05014053,Abbey,Female,1945
E09000002,Barking and Dagenham,E05014053,Abbey,Male,2020
E09000002,Barking and Dagenham,E05014054,Alibon,Female,5130
E09000002,Barking and Dagenham,E05014054,Alibon,Male,4760
E09000002,Barking and Dagenham,E05014055,Barking Riverside,Female,5222
E09000002,Barking and Dagenham,E05014055,Barking Riverside,Male,4838
E09000002,Barking and Dagenham,E05014056,Beam,Female,4295
E09000002,Barking and Dagenham,E05014056,Beam,Male,4060
E09000002,Barking and Dagenham,E05014057,Becontree,Female,4972
E09000002,Barking and Dagenham,E05014057,Becontree,Male,4818
E09000002,Barking and Dagenham,E05014058,Chadwell Heath,Female,7205
E09000002,Barking and Dagenham,E05014058,Chadwell Heath,Male,6622
E09000002,Barking and Dagenham,E05014059,Eastbrook & Rush Green,Female,4485
E09000002,Barking and Dagenham,E05014059,Eastbrook & Rush Green,Male,4260
E09000002,Barking and Dagenham,E05014060,Eastbury,Female,8029
E09000002,Barking and Dagenham,E05014060,Eastbury,Male,7700
E09000002,Barking and Dagenham,E05014061,Gascoigne,Female,5473
E09000002,Barking and Dagenham,E05014061,Gascoigne,Male,5241
E09000002,Barking and Dagenham,E05014062,Goresbrook,Female,7170
E09000002,Barking and Dagenham,E05014062,Goresbrook,Male,6523
E09000002,Barking and Dagenham,E05014063,Heath,Female,4775
E09000002,Barking and Dagenham,E05014063,Heath,Male,4344
E09000002,Barking and Dagenham,E05014064,Longbridge,Female,6608
E09000002,Barking and Dagenham,E05014064,Longbridge,Male,6686
E09000002,Barking and Dagenham,E05014065,Mayesbrook,Female,8008
E09000002,Barking and Dagenham,E05014065,Mayesbrook,Male,7611
E09000002,Barking and Dagenham,E05014066,Northbury,Female,6561
E09000002,Barking and Dagenham,E05014066,Northbury,Male,6626
E09000002,Barking and Dagenham,E05014067,Parsloes,Female,7767
E09000002,Barking and Dagenham,E05014067,Parsloes,Male,7398
E09000002,Barking and Dagenham,E05014068,Thames View,Female,2877
E09000002,Barking and Dagenham,E05014068,Thames View,Male,2772
E09000002,Barking and Dagenham,E05014069,Valence,Female,7940
E09000002,Barking and Dagenham,E05014069,Valence,Male,7302
E09000002,Barking and Dagenham,E05014070,Village,Female,6578
E09000002,Barking and Dagenham,E05014070,Village,Male,6070
E09000002,Barking and Dagenham,E05014071,Whalebone,Female,7249
E09000002,Barking and Dagenham,E05014071,Whalebone,Male,6949
E09000011,Greenwich,E05014072,Abbey Wood,Female,8898
E09000011,Greenwich,E05014072,Abbey Wood,Male,8523
E09000011,Greenwich,E05014073,Blackheath Westcombe,Female,7823
E09000011,Greenwich,E05014073,Blackheath Westcombe,Male,7142
E09000011,Greenwich,E05014074,Charlton Hornfair,Female,6471
E09000011,Greenwich,E05014074,Charlton Hornfair,Male,6080
E09000011,Greenwich,E05014075,Charlton Village & Riverside,Female,5277
E09000011,Greenwich,E05014075,Charlton Village & Riverside,Male,5022
E09000011,Greenwich,E05014076,East Greenwich,Female,7376
E09000011,Greenwich,E05014076,East Greenwich,Male,7048
E09000011,Greenwich,E05014077,Eltham Page,Female,5135
E09000011,Greenwich,E05014077,Eltham Page,Male,4812
E09000011,Greenwich,E05014078,Eltham Park & Progress,Female,5454
E09000011,Greenwich,E05014078,Eltham Park & Progress,Male,4991
E09000011,Greenwich,E05014079,Eltham Town & Avery Hill,Female,8171
E09000011,Greenwich,E05014079,Eltham Town & Avery Hill,Male,7361
E09000011,Greenwich,E05014080,Greenwich Creekside,Female,5860
E09000011,Greenwich,E05014080,Greenwich Creekside,Male,5353
E09000011,Greenwich,E05014081,Greenwich Park,Female,5344
E09000011,Greenwich,E05014081,Greenwich Park,Male,5009
E09000011,Greenwich,E05014082,Greenwich Peninsula,Female,5804
E09000011,Greenwich,E05014082,Greenwich Peninsula,Male,5677
E09000011,Greenwich,E05014083,Kidbrooke Park,Female,5239
E09000011,Greenwich,E05014083,Kidbrooke Park,Male,4914
E09000011,Greenwich,E05014084,Kidbrooke Village & Sutcliffe,Female,3130
E09000011,Greenwich,E05014084,Kidbrooke Village & Sutcliffe,Male,2811
E09000011,Greenwich,E05014085,Middle Park & Horn Park,Female,5182
E09000011,Greenwich,E05014085,Middle Park & Horn Park,Male,4567
E09000011,Greenwich,E05014086,"Mottingham, Coldharbour & New Eltham",Female,7375
E09000011,Greenwich,E05014086,"Mottingham, Coldharbour & New Eltham",Male,7137
E09000011,Greenwich,E05014087,Plumstead & Glyndon,Female,11054
E09000011,Greenwich,E05014087,Plumstead & Glyndon,Male,10727
E09000011,Greenwich,E05014088,Plumstead Common,Female,8164
E09000011,Greenwich,E05014088,Plumstead Common,Male,7458
E09000011,Greenwich,E05014089,Shooters Hill,Female,6101
E09000011,Greenwich,E05014089,Shooters Hill,Male,5777
E09000011,Greenwich,E05014090,Thamesmead Moorings,Female,6416
E09000011,Greenwich,E05014090,Thamesmead Moorings,Male,5976
E09000011,Greenwich,E05014091,West Thamesmead,Female,5449
E09000011,Greenwich,E05014091,West Thamesmead,Male,6352
E09000011,Greenwich,E05014092,Woolwich Arsenal,Female,6196
E09000011,Greenwich,E05014092,Woolwich Arsenal,Male,6025
E09000011,Greenwich,E05014093,Woolwich Common,Female,6825
E09000011,Greenwich,E05014093,Woolwich Common,Male,6244
E09000011,Greenwich,E05014094,Woolwich Dockyard,Female,5874
E09000011,Greenwich,E05014094,Woolwich Dockyard,Male,5510
E09000022,Lambeth,E05014095,Brixton Acre Lane,Female,7577
E09000022,Lambeth,E05014095,Brixton Acre Lane,Male,7689
E09000022,Lambeth,E05014096,Brixton North,Female,8359
E09000022,Lambeth,E05014096,Brixton North,Male,7851
E09000022,Lambeth,E05014097,Brixton Rush Common,Female,7737
E09000022,Lambeth,E05014097,Brixton Rush Common,Male,6874
E09000022,Lambeth,E05014098,Brixton Windrush,Female,5112
E09000022,Lambeth,E05014098,Brixton Windrush,Male,4786
E09000022,Lambeth,E05014099,Clapham Common & Abbeville,Female,5212
E09000022,Lambeth,E05014099,Clapham Common & Abbeville,Male,4850
E09000022,Lambeth,E05014100,Clapham East,Female,5255
E09000022,Lambeth,E05014100,Clapham East,Male,4674
E09000022,Lambeth,E05014101,Clapham Park,Female,6795
E09000022,Lambeth,E05014101,Clapham Park,Male,6425
E09000022,Lambeth,E05014102,Clapham Town,Female,7926
E09000022,Lambeth,E05014102,Clapham Town,Male,7580
E09000022,Lambeth,E05014103,Gipsy Hill,Female,5722
E09000022,Lambeth,E05014103,Gipsy Hill,Male,5004
E09000022,Lambeth,E05014104,Herne Hill & Loughborough Junction,Female,8359
E09000022,Lambeth,E05014104,Herne Hill & Loughborough Junction,Male,7614
E09000022,Lambeth,E05014105,Kennington,Female,7593
E09000022,Lambeth,E05014105,Kennington,Male,7448
E09000022,Lambeth,E05014106,Knight's Hill,Female,8758
E09000022,Lambeth,E05014106,Knight's Hill,Male,7766
E09000022,Lambeth,E05014107,Myatt's Fields,Female,5689
E09000022,Lambeth,E05014107,Myatt's Fields,Male,5392
E09000022,Lambeth,E05014108,Oval,Female,5944
E09000022,Lambeth,E05014108,Oval,Male,6228
E09000022,Lambeth,E05014109,St Martin's,Female,5563
E09000022,Lambeth,E05014109,St Martin's,Male,4817
E09000022,Lambeth,E05014110,Stockwell East,Female,5284
E09000022,Lambeth,E05014110,Stockwell East,Male,5088
E09000022,Lambeth,E05014111,Stockwell West & Larkhall,Female,8425
E09000022,Lambeth,E05014111,Stockwell West & Larkhall,Male,8148
E09000022,Lambeth,E05014112,Streatham Common & Vale,Female,8911
E09000022,Lambeth,E05014112,Streatham Common & Vale,Male,8432
E09000022,Lambeth,E05014113,Streatham Hill East,Female,5297
E09000022,Lambeth,E05014113,Streatham Hill East,Male,4920
E09000022,Lambeth,E05014114,Streatham Hill West & Thornton,Female,5541
E09000022,Lambeth,E05014114,Streatham Hill West & Thornton,Male,5050
E09000022,Lambeth,E05014115,Streatham St Leonard's,Female,8235
E09000022,Lambeth,E05014115,Streatham St Leonard's,Male,7803
E09000022,Lambeth,E05014116,Streatham Wells,Female,5132
E09000022,Lambeth,E05014116,Streatham Wells,Male,4739
E09000022,Lambeth,E05014117,Vauxhall,Female,4690
E09000022,Lambeth,E05014117,Vauxhall,Male,4948
E09000022,Lambeth,E05014118,Waterloo & South Bank,Female,4529
E09000022,Lambeth,E05014118,Waterloo & South Bank,Male,4352
E09000022,Lambeth,E05014119,West Dulwich,Female,6074
E09000022,Lambeth,E05014119,West Dulwich,Male,5463
E09000001,City of London,E09000001,City of London,Female,3862
E09000001,City of London,E09000001,City of London,Male,4717
